episode_id,start,end,duration_hours,regime,max_alert_level,max_score,max_residual,mean_residual,max_atc_fatigue
1842,2024-10-11 07:00:00,2024-10-12 18:00:00,36,post_excepcion,rojo,0.9768860339084454,27.437896404266354,1.1900350903180918,1178.0
1526,2024-01-16 06:00:00,2024-01-17 09:00:00,28,post_excepcion,rojo,0.9474779653388921,26.22666198730468,2.0863128286373933,221.0
1766,2024-06-30 15:00:00,2024-07-06 09:00:00,139,post_excepcion,rojo,0.9214851729381072,23.374467849731445,2.5383100424676113,809.0
1590,2024-03-12 06:00:00,2024-03-14 22:00:00,65,post_excepcion,rojo,0.8580548773851694,19.716208190917968,3.3967200211561632,437.0
1240,2023-06-24 06:00:00,2023-06-26 16:00:00,59,excepcion_iberica,rojo,0.8471347355175207,3.536892623901366,0.3545726880570087,2173.0
1512,2024-01-01 10:00:00,2024-01-05 12:00:00,99,post_excepcion,rojo,0.8334070348459004,19.062959671020508,0.9631365246507998,20.0
1626,2024-04-12 06:00:00,2024-04-13 07:00:00,26,post_excepcion,rojo,0.8324851435738585,17.51995193481445,2.094433374427832,139.0
1756,2024-06-24 11:00:00,2024-06-27 07:00:00,69,post_excepcion,rojo,0.8262614665682156,16.953845214843753,0.9321135503202009,591.0
1926,2024-12-13 21:00:00,2024-12-14 05:00:00,9,post_excepcion,rojo,0.8176385051875291,17.37314455509187,2.794011954863868,99.0
1856,2024-10-20 09:00:00,2024-10-21 09:00:00,25,post_excepcion,rojo,0.8169744771601486,9.313655853271484,1.413408583203703,1385.0
1588,2024-03-06 18:00:00,2024-03-08 23:00:00,54,post_excepcion,rojo,0.8160655928800089,15.689810791015617,1.1437277515967919,294.0
1814,2024-09-10 10:00:00,2024-09-11 08:00:00,23,post_excepcion,rojo,0.8130546954693515,16.169488449096683,2.5544710380260063,424.0
1704,2024-06-05 11:00:00,2024-06-06 05:00:00,19,post_excepcion,rojo,0.7979435308849784,12.347939910888677,1.9558372340468986,85.0
1542,2024-01-31 06:00:00,2024-02-01 00:00:00,19,post_excepcion,rojo,0.7901529445322809,14.043212089538585,1.8367524366002341,20.0
810,2022-08-21 18:00:00,2022-08-22 19:00:00,26,excepcion_iberica,rojo,0.7888875604254311,2.1623496055603084,0.3096792665732884,3.0
1558,2024-02-13 08:00:00,2024-02-13 12:00:00,5,post_excepcion,rojo,0.7884704583369632,13.97301385879517,2.9605265117287645,51.0
1732,2024-06-13 14:00:00,2024-06-13 20:00:00,7,post_excepcion,rojo,0.7839485347086734,8.555356178283692,3.9421050188371107,268.0
1850,2024-10-18 11:00:00,2024-10-19 18:00:00,32,post_excepcion,rojo,0.782183750789624,9.62373161315918,1.3621646378870356,1346.0
1840,2024-10-03 12:00:00,2024-10-04 14:00:00,27,post_excepcion,rojo,0.7802957415645778,8.431939468383788,0.9926052137505676,982.0
1718,2024-06-09 00:00:00,2024-06-09 16:00:00,17,post_excepcion,rojo,0.7753639406755197,6.8004844665527315,1.730658161859301,168.0
1880,2024-11-11 14:00:00,2024-11-11 22:00:00,9,post_excepcion,rojo,0.7741860165454741,10.925768394470218,3.7472152723868692,18.0
1222,2023-06-17 10:00:00,2023-06-18 16:00:00,31,excepcion_iberica,rojo,0.7730089340594036,2.825323314666747,0.2712403790772921,1981.0
820,2022-09-17 15:00:00,2022-09-18 03:00:00,13,excepcion_iberica,rojo,0.7722459477408837,2.1202667999267604,0.4277607448972194,21.0
804,2022-08-15 11:00:00,2022-08-16 07:00:00,21,excepcion_iberica,rojo,0.7705151105159498,1.8908009338378804,0.25746098595360983,4.0
1652,2024-05-07 15:00:00,2024-05-08 06:00:00,16,post_excepcion,rojo,0.7640837610559519,9.453682174682617,1.2706572347134353,27.0
748,2022-07-15 08:00:00,2022-07-16 01:00:00,18,excepcion_iberica,rojo,0.7599690236153573,2.3673860549926644,0.28920318970870557,1.0
886,2022-12-20 07:00:00,2022-12-21 00:00:00,18,excepcion_iberica,rojo,0.7483582351789881,2.757588310241701,0.2168109551850811,526.0
698,2022-04-16 12:00:00,2022-04-17 19:00:00,32,excepcion_iberica,rojo,0.7466676195886826,3.678827629089355,0.2764243734802583,5.0
1754,2024-06-22 10:00:00,2024-06-23 00:00:00,15,post_excepcion,rojo,0.7455827031842154,7.298626251220703,1.5407438598473868,488.0
664,2022-02-13 04:00:00,2022-02-13 16:00:00,13,excepcion_iberica,rojo,0.7453562399741439,4.370105438232429,0.6865989231375565,3.0
778,2022-08-01 10:00:00,2022-08-01 15:00:00,6,excepcion_iberica,rojo,0.7432092681211873,2.044488410949711,0.5601897687713304,3.0
562,2021-07-19 08:00:00,2021-07-19 16:00:00,9,pre_crisis,rojo,0.7429077378856488,1.879857063293457,0.454961263264219,1.0
834,2022-09-28 07:00:00,2022-09-28 17:00:00,11,excepcion_iberica,rojo,0.7428084764196705,2.1376955795288097,0.27171732542189697,62.0
1434,2023-10-18 05:00:00,2023-10-18 13:00:00,9,excepcion_iberica,rojo,0.7365446302061864,2.4520737838745124,0.3659646334416337,58.0
860,2022-11-06 15:00:00,2022-11-06 20:00:00,6,excepcion_iberica,rojo,0.7328211556740354,1.9504748535156295,0.42045381285250255,5.0
1256,2023-07-01 08:00:00,2023-07-03 18:00:00,59,excepcion_iberica,rojo,0.7324686495406657,1.4719487380981349,0.21086898059663084,2343.0
696,2022-04-04 07:00:00,2022-04-05 00:00:00,18,excepcion_iberica,rojo,0.7312703311518282,3.306721124649073,0.23130719833463964,2.0
1826,2024-09-30 12:00:00,2024-09-30 18:00:00,7,post_excepcion,rojo,0.7312314576040466,10.208861618041993,3.8871755194664,890.0
752,2022-07-16 06:00:00,2022-07-17 15:00:00,34,excepcion_iberica,rojo,0.7308193114775487,2.4589208889007637,0.3583831751762946,10.0
1438,2023-10-31 07:00:00,2023-11-01 18:00:00,36,excepcion_iberica,rojo,0.7306648302941776,3.1951749420166067,0.29171855004090436,399.0
1774,2024-07-09 10:00:00,2024-07-09 18:00:00,9,post_excepcion,rojo,0.728373946978557,9.037885894775393,2.010395050545533,890.0
594,2021-10-10 16:00:00,2021-10-11 14:00:00,23,pre_crisis,rojo,0.7272823130364269,2.6718532562255746,0.18635527417266126,1.0
688,2022-03-13 04:00:00,2022-03-13 12:00:00,9,excepcion_iberica,rojo,0.7271361545019451,2.909104347229004,0.4010433482342503,1.0
1122,2023-04-29 15:00:00,2023-04-30 21:00:00,31,excepcion_iberica,rojo,0.7221169925302746,1.746084594726561,0.3494545357088527,810.0
1436,2023-10-29 22:00:00,2023-10-31 04:00:00,31,excepcion_iberica,rojo,0.7184865892633612,2.2615103340148934,0.2179281459081798,361.0
1472,2023-12-05 08:00:00,2023-12-05 20:00:00,13,excepcion_iberica,rojo,0.7178499346662053,1.9328008270263695,0.49711125647505894,725.0
1490,2023-12-21 04:00:00,2023-12-21 08:00:00,5,excepcion_iberica,rojo,0.7163982952067071,2.017768468856815,0.689228742599488,3.0
1374,2023-09-20 16:00:00,2023-09-21 03:00:00,12,excepcion_iberica,rojo,0.7143132376241663,1.8772141933441162,0.28347953020905453,410.0
1422,2023-10-04 15:00:00,2023-10-04 17:00:00,3,excepcion_iberica,rojo,0.7117910511672418,1.9336105585098267,0.6870765971640745,736.0
1012,2023-03-24 13:00:00,2023-03-24 17:00:00,5,excepcion_iberica,rojo,0.7098006505889607,1.9194907760620126,0.5783024519681923,124.0
1646,2024-04-25 20:00:00,2024-04-26 09:00:00,14,post_excepcion,rojo,0.7097707955425622,6.4233315086364655,2.011464116062437,30.0
912,2023-01-05 08:00:00,2023-01-05 16:00:00,9,excepcion_iberica,rojo,0.7095276902881736,2.3112617492675724,0.31725511854100497,99.0
1024,2023-03-30 01:00:00,2023-03-30 03:00:00,3,excepcion_iberica,rojo,0.7088575332799003,1.8824551010131856,0.6886940839886672,
1444,2023-11-07 06:00:00,2023-11-07 14:00:00,9,excepcion_iberica,rojo,0.7082014906033652,2.5534148979186995,0.3964083082891171,71.0
600,2021-11-15 04:00:00,2021-11-16 10:00:00,31,pre_crisis,rojo,0.7051322537003812,1.9326843452453772,0.14744715694007665,1.0
814,2022-09-03 15:00:00,2022-09-03 23:00:00,9,excepcion_iberica,rojo,0.7000923518558546,0.9244860410690308,0.3513451485066778,17.0
560,2021-06-15 07:00:00,2021-06-16 04:00:00,22,pre_crisis,naranja,0.6981759456272884,1.9567273426055891,0.15722542756237087,2.0
928,2023-01-30 07:00:00,2023-01-30 14:00:00,8,excepcion_iberica,naranja,0.6976142042750482,2.0261343479156437,0.3701727496646363,346.0
262,2020-02-16 15:00:00,2020-02-18 13:00:00,47,pre_crisis,naranja,0.6973007682285104,1.946193351745606,0.10501093954288787,2.0
474,2021-02-09 07:00:00,2021-02-11 23:00:00,65,pre_crisis,naranja,0.6966301307237718,1.8075041770935059,0.20436089847109729,4.0
346,2020-08-27 07:00:00,2020-08-27 14:00:00,8,pre_crisis,naranja,0.696562785673171,1.6481767940521195,0.33774611070752236,7.0
916,2023-01-18 08:00:00,2023-01-18 12:00:00,5,excepcion_iberica,naranja,0.6956205440868524,1.8812806463241571,0.4460150675177573,56.0
1116,2023-04-24 13:00:00,2023-04-25 12:00:00,24,excepcion_iberica,naranja,0.6952046309966378,1.7286935329437227,0.20934058142360298,681.0
290,2020-04-03 01:00:00,2020-04-03 10:00:00,10,pre_crisis,naranja,0.6921497446413244,1.5007518005371097,0.17526832622755323,1.0
126,2019-04-19 01:00:00,2019-04-19 10:00:00,10,pre_crisis,naranja,0.6921169733706485,1.5824872589111294,0.39317833480285386,5.0
176,2019-10-15 01:00:00,2019-10-16 01:00:00,25,pre_crisis,naranja,0.691601392160981,1.4705994224548355,0.1561272288449108,5.0
448,2021-01-13 23:00:00,2021-01-14 02:00:00,4,pre_crisis,naranja,0.6901455993264725,1.3637321853637587,0.42757643623277275,1.0
386,2020-10-18 18:00:00,2020-10-19 07:00:00,14,pre_crisis,naranja,0.6899513864512347,1.8682552909851111,0.18200822936370997,2.0
570,2021-08-18 00:00:00,2021-08-18 05:00:00,6,pre_crisis,naranja,0.6891250718859081,1.4779071426391681,0.4342556464175402,2.0
520,2021-04-13 08:00:00,2021-04-13 20:00:00,13,pre_crisis,naranja,0.6872779726893272,1.8061921691894582,0.2881293882182442,2.0
1500,2023-12-27 04:00:00,2023-12-27 05:00:00,2,excepcion_iberica,naranja,0.6865591534739367,1.755677671432494,1.1588626658916468,13.0
402,2020-11-15 11:00:00,2020-11-16 10:00:00,24,pre_crisis,naranja,0.6859331964660051,1.403679256439208,0.1857201814395375,3.0
270,2020-03-08 01:00:00,2020-03-08 08:00:00,8,pre_crisis,naranja,0.6839082083893195,1.3855245304107662,0.35474321226763905,5.0
90,2019-03-04 01:00:00,2019-03-04 06:00:00,6,pre_crisis,naranja,0.6809369154751207,1.4435007476806643,0.5000202509760857,5.0
468,2021-01-25 08:00:00,2021-01-25 19:00:00,12,pre_crisis,naranja,0.6789032032176926,1.661525382995606,0.17556816421914925,3.0
1596,2024-03-18 06:00:00,2024-03-19 08:00:00,27,post_excepcion,naranja,0.6749545995671378,8.12083480358124,1.4889929714412606,28.0
316,2020-05-23 18:00:00,2020-05-24 19:00:00,26,pre_crisis,naranja,0.6738582347053123,1.2747550964355483,0.22604907513417016,9.0
408,2020-11-24 08:00:00,2020-11-24 21:00:00,14,pre_crisis,naranja,0.6737820494552512,1.2737110137939496,0.12244262227522487,1.0
854,2022-10-30 02:00:00,2022-10-30 09:00:00,8,excepcion_iberica,naranja,0.67293874276558,1.5951555252075167,0.38487535431981,17.0
480,2021-02-16 08:00:00,2021-02-16 15:00:00,8,pre_crisis,naranja,0.6722625090080553,1.3325453186035148,0.1837847350933588,1.0
882,2022-12-16 07:00:00,2022-12-16 20:00:00,14,excepcion_iberica,naranja,0.6720963645013879,1.2035858154296761,0.27331310629046307,426.0
74,2019-02-11 00:00:00,2019-02-11 04:00:00,5,pre_crisis,naranja,0.6709335725094735,1.3429120254516604,0.40031445145607164,4.0
832,2022-09-27 06:00:00,2022-09-27 12:00:00,7,excepcion_iberica,naranja,0.67076526080814,1.1968377828598022,0.28099944266224547,33.0
964,2023-02-16 07:00:00,2023-02-16 19:00:00,13,excepcion_iberica,naranja,0.6681635866476369,1.6682893323898327,0.23569169039050036,759.0
720,2022-06-27 07:00:00,2022-06-27 09:00:00,3,excepcion_iberica,naranja,0.6672400203847105,1.671225814819337,0.7869423946738247,1.0
86,2019-02-23 04:00:00,2019-02-23 08:00:00,5,pre_crisis,naranja,0.6668732887915992,1.2685239601135265,0.620377561330794,4.0
406,2020-11-23 17:00:00,2020-11-23 22:00:00,6,pre_crisis,naranja,0.6667478504840014,1.2274873161315938,0.23943395097895248,1.0
46,2019-02-03 00:00:00,2019-02-03 06:00:00,7,pre_crisis,naranja,0.6665961099441903,1.3938806438446036,0.281238579984222,1.0
66,2019-02-07 01:00:00,2019-02-07 06:00:00,6,pre_crisis,naranja,0.6662249536843774,1.2662745285034163,0.29009071675439674,2.0
378,2020-10-05 19:00:00,2020-10-06 04:00:00,10,pre_crisis,naranja,0.6655918359326849,1.4605103683471654,0.21599381260573836,2.0
1032,2023-04-02 12:00:00,2023-04-02 18:00:00,7,excepcion_iberica,naranja,0.6654113570298316,1.1581521606445317,0.38719746466992166,135.0
634,2021-12-26 02:00:00,2021-12-26 07:00:00,6,pre_crisis,naranja,0.6653522404924651,1.1039799404144333,0.28725484395865425,1.0
1854,2024-10-20 00:00:00,2024-10-20 07:00:00,8,post_excepcion,naranja,0.6648447634691482,6.963510131835939,3.1714970166981225,1359.0
1152,2023-05-16 15:00:00,2023-05-17 01:00:00,11,excepcion_iberica,naranja,0.6639792625433473,1.190487976074218,0.3918030044436454,1198.0
590,2021-09-26 11:00:00,2021-09-26 19:00:00,9,pre_crisis,naranja,0.6636586408466412,1.2481732559204204,0.32071480628516724,2.0
658,2022-02-10 00:00:00,2022-02-10 01:00:00,2,excepcion_iberica,naranja,0.6629715683560775,1.5723870849609511,1.1472020339965923,2.0
264,2020-02-27 14:00:00,2020-02-27 19:00:00,6,pre_crisis,naranja,0.6625624823204932,1.1497159004211426,0.2641549646109347,4.0
496,2021-03-11 04:00:00,2021-03-11 05:00:00,2,pre_crisis,naranja,0.661220441870918,1.1905210494995124,0.788309469223023,2.0
88,2019-02-23 12:00:00,2019-02-26 04:00:00,65,pre_crisis,naranja,0.6608218263589068,1.3354086399078398,0.18968740713596322,8.0
582,2021-09-22 07:00:00,2021-09-22 19:00:00,13,pre_crisis,naranja,0.6594615138056543,1.2014949321746826,0.13132349190875367,2.0
604,2021-11-18 18:00:00,2021-11-18 23:00:00,6,pre_crisis,naranja,0.6585143708013613,1.0126020812988372,0.3761533221105727,3.0
1576,2024-03-04 07:00:00,2024-03-04 17:00:00,11,post_excepcion,naranja,0.6584354760446439,4.337840642929077,1.6257585338299927,192.0
18,2019-01-14 00:00:00,2019-01-14 12:00:00,13,pre_crisis,naranja,0.6584010788654879,1.1569858932495123,0.26181994887068727,6.0
392,2020-10-22 17:00:00,2020-10-22 20:00:00,4,pre_crisis,naranja,0.6576811713556282,1.1103757572174047,0.7166922617703655,3.0
460,2021-01-17 18:00:00,2021-01-17 21:00:00,4,pre_crisis,naranja,0.6575102325190869,1.0703983116149942,0.548712573051457,4.0
490,2021-02-26 08:00:00,2021-02-26 13:00:00,6,pre_crisis,naranja,0.657107598048024,1.3427461647987329,0.2304718268138816,1.0
336,2020-08-16 10:00:00,2020-08-16 16:00:00,7,pre_crisis,naranja,0.6569634568018616,1.0984520816802963,0.43970835464341257,4.0
486,2021-02-24 07:00:00,2021-02-24 18:00:00,12,pre_crisis,naranja,0.6567825997006543,1.2828634452819827,0.18099819959451727,2.0
452,2021-01-15 01:00:00,2021-01-15 12:00:00,12,pre_crisis,naranja,0.655783119076781,1.10218542098999,0.1621216885489408,5.0
92,2019-03-06 23:00:00,2019-03-07 16:00:00,18,pre_crisis,naranja,0.6537300913796844,1.1175368499755862,0.15302747331895994,4.0
1518,2024-01-08 00:00:00,2024-01-08 02:00:00,3,post_excepcion,naranja,0.6535693020793867,5.886557979583742,3.601036086082454,0.0
350,2020-08-31 21:00:00,2020-09-01 01:00:00,5,pre_crisis,naranja,0.6511463157998016,1.2731162738799995,0.26493619076534997,1.0
134,2019-05-01 17:00:00,2019-05-01 20:00:00,4,pre_crisis,naranja,0.6506223800286094,1.0791062736511208,0.31508196949958744,2.0
1820,2024-09-23 11:00:00,2024-09-24 11:00:00,25,post_excepcion,naranja,0.6500980621871938,5.947466354370114,1.279260111784935,739.0
414,2020-11-30 19:00:00,2020-11-30 23:00:00,5,pre_crisis,naranja,0.6496439462689134,0.9994051980972287,0.22245643740892404,1.0
1320,2023-08-03 11:00:00,2023-08-05 12:00:00,50,excepcion_iberica,naranja,0.6488668166191919,1.2221589088439941,0.20914385840147737,663.0
890,2022-12-24 17:00:00,2022-12-25 03:00:00,11,excepcion_iberica,naranja,0.6484562545787858,1.338500738143921,0.39390784128145834,22.0
1170,2023-05-25 10:00:00,2023-05-25 15:00:00,6,excepcion_iberica,naranja,0.6466344704051967,1.3130198383331333,0.6478649040063237,1404.0
704,2022-04-25 08:00:00,2022-04-25 09:00:00,2,excepcion_iberica,naranja,0.646588741223536,1.617974166870141,1.4232978844642759,2.0
1314,2023-08-01 14:00:00,2023-08-01 18:00:00,5,excepcion_iberica,naranja,0.6463442778305438,1.4726790618896501,0.5977759375572219,573.0
380,2020-10-09 07:00:00,2020-10-09 22:00:00,16,pre_crisis,naranja,0.6451219871217102,1.1961560726165743,0.1531614995689594,3.0
252,2020-02-02 02:00:00,2020-02-02 18:00:00,17,pre_crisis,naranja,0.6447154209272724,1.138256101608274,0.19102909870007423,4.0
344,2020-08-26 21:00:00,2020-08-26 22:00:00,2,pre_crisis,naranja,0.6441969853325435,1.1773897743225064,0.7650674438476521,4.0
1478,2023-12-10 02:00:00,2023-12-10 06:00:00,5,excepcion_iberica,naranja,0.6433338220412932,1.4291962039470683,0.660778321564198,831.0
1722,2024-06-10 01:00:00,2024-06-11 00:00:00,24,post_excepcion,naranja,0.642820803792732,8.176578292846678,1.4347538323700428,200.0
902,2023-01-01 04:00:00,2023-01-01 21:00:00,18,excepcion_iberica,naranja,0.6425597829656727,0.8434971570968628,0.27882001523135436,8.0
1074,2023-04-14 05:00:00,2023-04-14 16:00:00,12,excepcion_iberica,naranja,0.64224792020283,1.254795789718628,0.26923887949436914,421.0
396,2020-11-01 00:00:00,2020-11-02 01:00:00,26,pre_crisis,naranja,0.6410348250882499,1.0512938499450684,0.19381663373743147,17.0
82,2019-02-16 15:00:00,2019-02-18 02:00:00,36,pre_crisis,naranja,0.6408425830809366,0.9428649997711176,0.13672016258383796,5.0
1454,2023-11-09 06:00:00,2023-11-09 16:00:00,11,excepcion_iberica,naranja,0.6408097906877108,0.991435706615448,0.285822082310915,121.0
442,2021-01-10 03:00:00,2021-01-10 20:00:00,18,pre_crisis,naranja,0.6362609697502419,1.0567132282257106,0.3234212978142818,11.0
1448,2023-11-08 07:00:00,2023-11-08 08:00:00,2,excepcion_iberica,naranja,0.6353374533463272,1.6316169929504412,0.8806452891230592,89.0
70,2019-02-08 02:00:00,2019-02-09 17:00:00,40,pre_crisis,naranja,0.6349892909245437,1.0485594558715832,0.18271920132634084,5.0
492,2021-03-04 08:00:00,2021-03-04 09:00:00,2,pre_crisis,naranja,0.6348245048353739,1.0828583812713575,0.8935478973388591,2.0
228,2020-01-20 18:00:00,2020-01-21 08:00:00,15,pre_crisis,naranja,0.633814384988403,1.0870657444000216,0.13615546426735772,3.0
1146,2023-05-15 07:00:00,2023-05-15 17:00:00,11,excepcion_iberica,naranja,0.6334226012322987,0.9420633316040039,0.3302291904931719,1166.0
26,2019-01-26 06:00:00,2019-01-27 12:00:00,31,pre_crisis,naranja,0.6328830441524413,1.0253918552398744,0.24699288748685444,10.0
56,2019-02-05 01:00:00,2019-02-05 04:00:00,4,pre_crisis,naranja,0.6326001274890724,1.0555455112457253,0.41523275725543307,2.0
822,2022-09-18 05:00:00,2022-09-18 16:00:00,12,excepcion_iberica,naranja,0.6323910743424211,1.333224892616272,0.3232201444140325,12.0
1474,2023-12-06 06:00:00,2023-12-06 16:00:00,11,excepcion_iberica,naranja,0.6309345801270316,1.118310809135437,0.23152018414640968,745.0
972,2023-02-26 10:00:00,2023-02-27 01:00:00,16,excepcion_iberica,naranja,0.6286222359065081,1.2435061645507801,0.2368413734011119,1005.0
10,2019-01-09 13:00:00,2019-01-09 22:00:00,10,pre_crisis,naranja,0.6276980904958706,0.955348014831543,0.16219914317131057,3.0
982,2023-03-10 01:00:00,2023-03-10 11:00:00,11,excepcion_iberica,naranja,0.6275867523705625,1.197826137542723,0.26544212789190075,1279.0
1804,2024-09-07 12:00:00,2024-09-07 22:00:00,11,post_excepcion,naranja,0.6271540740378946,4.742975921630865,1.9451685086011217,342.0
1604,2024-03-22 07:00:00,2024-03-22 09:00:00,3,post_excepcion,naranja,0.6264895857663976,7.958887271881103,3.6610471979777017,101.0
470,2021-01-27 23:00:00,2021-01-28 03:00:00,5,pre_crisis,naranja,0.6246412303775182,1.0095627212524363,0.2822308610677709,1.0
988,2023-03-11 18:00:00,2023-03-12 00:00:00,7,excepcion_iberica,naranja,0.6245314404838939,1.3197203636169448,0.34035374415772324,1316.0
64,2019-02-06 01:00:00,2019-02-06 03:00:00,3,pre_crisis,naranja,0.6232966915835647,0.8886679887771578,0.38408508360385696,1.0
150,2019-05-05 01:00:00,2019-05-05 08:00:00,8,pre_crisis,naranja,0.6232658728907762,0.9997946929931629,0.2885065978765482,5.0
178,2019-10-23 09:00:00,2019-10-23 10:00:00,2,pre_crisis,naranja,0.6231056002684219,1.055437058210373,0.566895242780447,1.0
136,2019-05-02 01:00:00,2019-05-02 04:00:00,4,pre_crisis,naranja,0.6228710426499092,1.043948583602905,0.30885891251265996,1.0
266,2020-02-27 23:00:00,2020-02-28 12:00:00,14,pre_crisis,naranja,0.6212462049675477,0.8751999473571743,0.1440293051062945,2.0
156,2019-05-08 23:00:00,2019-05-09 08:00:00,10,pre_crisis,naranja,0.6206016310873526,1.0368585777282746,0.3727839901894335,4.0
1846,2024-10-18 04:00:00,2024-10-18 04:00:00,1,post_excepcion,naranja,0.6187661765275183,6.784499320983887,6.784499320983887,1308.0
52,2019-02-04 15:00:00,2019-02-04 18:00:00,4,pre_crisis,naranja,0.6171939178209105,1.0317901039123498,0.2667195053887532,1.0
114,2019-03-26 01:00:00,2019-03-26 03:00:00,3,pre_crisis,naranja,0.616706867138299,1.0397972393035921,0.37538820639252773,1.0
1084,2023-04-16 17:00:00,2023-04-17 00:00:00,8,excepcion_iberica,naranja,0.6155369148944824,1.0553785705566412,0.37253996517043575,477.0
1556,2024-02-11 23:00:00,2024-02-12 19:00:00,21,post_excepcion,naranja,0.6150817710983985,2.5414419174194336,1.065092140720004,34.0
186,2019-11-13 07:00:00,2019-11-13 18:00:00,12,pre_crisis,naranja,0.6147584996489981,0.8108460044860877,0.16728235364891594,2.0
596,2021-10-12 16:00:00,2021-10-12 22:00:00,7,pre_crisis,naranja,0.6138565392143437,0.9876572036743028,0.2011223206043756,1.0
718,2022-06-05 16:00:00,2022-06-05 17:00:00,2,excepcion_iberica,naranja,0.6134978251131497,1.4378678703308196,0.8516032201051758,2.0
1616,2024-04-02 20:00:00,2024-04-03 01:00:00,6,post_excepcion,naranja,0.6132495899526507,5.512283725738527,1.7894682638347146,80.0
128,2019-04-19 16:00:00,2019-04-20 00:00:00,9,pre_crisis,naranja,0.6115313425194874,0.7004650306701627,0.1318583783735,4.0
1494,2023-12-21 17:00:00,2023-12-22 04:00:00,12,excepcion_iberica,naranja,0.61073042658625,0.9748044013977051,0.15732842930204546,6.0
1702,2024-06-04 12:00:00,2024-06-05 00:00:00,13,post_excepcion,naranja,0.6087868450045577,5.183513107299802,1.6680349534291479,56.0
426,2020-12-27 11:00:00,2020-12-27 20:00:00,10,pre_crisis,naranja,0.6057997302429209,0.680487871170044,0.11536143124103546,1.0
8,2019-01-09 02:00:00,2019-01-09 04:00:00,3,pre_crisis,naranja,0.6051410829759596,0.718852815628054,0.4184103012084961,2.0
1810,2024-09-09 13:00:00,2024-09-09 17:00:00,5,post_excepcion,naranja,0.6047512011292665,6.454639377593992,3.325322801589965,385.0
24,2019-01-25 20:00:00,2019-01-26 03:00:00,8,pre_crisis,naranja,0.6046430771022033,0.8920316410064686,0.4043817606568316,4.0
104,2019-03-17 12:00:00,2019-03-17 21:00:00,10,pre_crisis,naranja,0.6043522857332052,0.700754251480106,0.25881285545229993,7.0
342,2020-08-24 18:00:00,2020-08-25 08:00:00,15,pre_crisis,naranja,0.603197807329819,0.6743589210510237,0.18455079480508896,5.0
872,2022-12-09 17:00:00,2022-12-10 07:00:00,15,excepcion_iberica,naranja,0.6021235915491313,0.8985002636909485,0.2934916153084487,269.0
62,2019-02-05 16:00:00,2019-02-05 17:00:00,2,pre_crisis,naranja,0.6014901084138612,0.9955712890625037,0.5381289874017234,5.0
584,2021-09-25 15:00:00,2021-09-25 17:00:00,3,pre_crisis,naranja,0.6012693701153772,0.9566704559326098,0.46426132778326706,2.0
1236,2023-06-23 13:00:00,2023-06-24 00:00:00,12,excepcion_iberica,naranja,0.6010047065562765,0.868851017951954,0.24237645990447967,2109.0
272,2020-03-08 12:00:00,2020-03-09 10:00:00,23,pre_crisis,naranja,0.5983228012078293,0.6790345382690433,0.1340790861496783,2.0
1264,2023-07-08 22:00:00,2023-07-09 11:00:00,14,excepcion_iberica,naranja,0.5979867438252833,1.3377430438995361,0.28246451765298836,14.0
164,2019-05-26 10:00:00,2019-05-26 18:00:00,9,pre_crisis,naranja,0.595942842986924,0.8614564895629897,0.5626461388501861,9.0
200,2019-12-04 08:00:00,2019-12-04 09:00:00,2,pre_crisis,naranja,0.5947294246323225,0.9302976751327492,0.4930589825659979,2.0
1822,2024-09-27 00:00:00,2024-09-27 05:00:00,6,post_excepcion,naranja,0.5940528811534939,4.339692459106445,2.649030034740766,805.0
1462,2023-11-16 07:00:00,2023-11-16 08:00:00,2,excepcion_iberica,naranja,0.5930155201285862,1.4484674644470203,0.8659733092784876,281.0
1398,2023-09-27 17:00:00,2023-09-27 19:00:00,3,excepcion_iberica,naranja,0.5927094398174511,0.8806140565872198,0.5004614142576855,570.0
1188,2023-06-05 23:00:00,2023-06-06 00:00:00,2,excepcion_iberica,naranja,0.5911546305280616,1.1902078247070307,0.6510481278598306,1677.0
108,2019-03-24 17:00:00,2019-03-24 17:00:00,1,pre_crisis,naranja,0.590955626769726,0.9262263870239238,0.9262263870239238,2.0
1710,2024-06-07 15:00:00,2024-06-07 16:00:00,2,post_excepcion,naranja,0.5905641399161462,6.494525718688962,4.7949337959289515,120.0
572,2021-09-19 10:00:00,2021-09-19 17:00:00,8,pre_crisis,naranja,0.5891929991954612,0.9120580673217802,0.3849415636062634,8.0
84,2019-02-21 01:00:00,2019-02-21 02:00:00,2,pre_crisis,naranja,0.5861544388013237,0.9610932302474993,0.7856917643547057,2.0
1290,2023-07-23 10:00:00,2023-07-23 13:00:00,4,excepcion_iberica,naranja,0.586017227602862,1.1973285675048828,0.5051277363300324,352.0
1780,2024-07-11 15:00:00,2024-07-11 16:00:00,2,post_excepcion,naranja,0.5859621660297737,6.426035404205322,4.993540945053102,936.0
828,2022-09-25 22:00:00,2022-09-26 16:00:00,19,excepcion_iberica,naranja,0.5856780871791731,0.840785126686086,0.3285267520539067,21.0
866,2022-11-18 07:00:00,2022-11-19 07:00:00,25,excepcion_iberica,naranja,0.5849403677663343,0.9104411602020264,0.29047721270024796,18.0
240,2020-01-22 16:00:00,2020-01-22 21:00:00,6,pre_crisis,naranja,0.5845799346112309,0.6231597518920893,0.34233230640490814,12.0
1920,2024-12-11 21:00:00,2024-12-12 01:00:00,5,post_excepcion,naranja,0.5838236035729453,6.098288536071777,3.186941032409669,47.0
40,2019-01-30 01:00:00,2019-01-30 08:00:00,8,pre_crisis,naranja,0.5836391811778616,0.8500601577758786,0.3439372051320966,9.0
454,2021-01-16 02:00:00,2021-01-16 15:00:00,14,pre_crisis,naranja,0.5826743519820106,0.5936449527740493,0.16643444538116522,4.0
914,2023-01-06 07:00:00,2023-01-06 07:00:00,1,excepcion_iberica,naranja,0.5823080129327418,1.3223427534103394,1.3223427534103394,114.0
1562,2024-02-14 07:00:00,2024-02-14 10:00:00,4,post_excepcion,naranja,0.5809857420962006,5.361172733306887,2.400609648227693,73.0
714,2022-05-13 07:00:00,2022-05-13 07:00:00,1,excepcion_iberica,naranja,0.5804930186547699,1.3680110740661746,1.3680110740661746,1.0
796,2022-08-07 09:00:00,2022-08-08 10:00:00,26,excepcion_iberica,naranja,0.5803308331927487,0.8662585449218767,0.1816277356732347,12.0
514,2021-04-03 14:00:00,2021-04-03 19:00:00,6,pre_crisis,naranja,0.5799939125949173,0.857205820083621,0.4147027789056305,5.0
1796,2024-08-21 13:00:00,2024-08-21 15:00:00,3,post_excepcion,naranja,0.5796789887928036,6.040380172729499,4.001626049677536,83.0
1456,2023-11-13 07:00:00,2023-11-13 08:00:00,2,excepcion_iberica,naranja,0.5793820497320089,1.265084381103513,0.9034257507324206,209.0
14,2019-01-13 05:00:00,2019-01-13 08:00:00,4,pre_crisis,naranja,0.576912139496915,0.6241956901550267,0.2655902021750798,2.0
68,2019-02-07 14:00:00,2019-02-07 16:00:00,3,pre_crisis,naranja,0.5767033581700499,0.6196085929870634,0.502465051015219,3.0
1612,2024-04-02 06:00:00,2024-04-02 06:00:00,1,post_excepcion,naranja,0.5752101875933822,6.498187904357909,6.498187904357909,61.0
110,2019-03-25 02:00:00,2019-03-25 05:00:00,4,pre_crisis,naranja,0.5731091176277497,0.921451683044431,0.47994755595922456,3.0
308,2020-05-10 15:00:00,2020-05-10 17:00:00,3,pre_crisis,naranja,0.5698801482497166,0.8758565902709954,0.4182824051380158,2.0
424,2020-12-27 07:00:00,2020-12-27 09:00:00,3,pre_crisis,naranja,0.568398393720117,0.8774652767181408,0.5240585931142174,7.0
848,2022-10-19 07:00:00,2022-10-19 09:00:00,3,excepcion_iberica,naranja,0.5680173783486874,1.2425865888595524,0.9109115588664972,54.0
2,2019-01-02 02:00:00,2019-01-02 06:00:00,5,pre_crisis,naranja,0.5665081971904188,0.7530717277526904,0.2585358283519767,5.0
1554,2024-02-11 18:00:00,2024-02-11 20:00:00,3,post_excepcion,naranja,0.5646468912653051,6.246669387817377,3.366578683853149,11.0
1028,2023-03-30 11:00:00,2023-03-31 19:00:00,33,excepcion_iberica,naranja,0.5640471348574853,0.5476319193840027,0.1372109415351103,88.0
184,2019-11-12 19:00:00,2019-11-12 23:00:00,5,pre_crisis,naranja,0.5622547559735057,0.6233159494399985,0.24883449669182198,2.0
952,2023-02-07 08:00:00,2023-02-07 08:00:00,1,excepcion_iberica,naranja,0.5622488556912034,1.2515929222107047,1.2515929222107047,532.0
1930,2024-12-19 05:00:00,2024-12-19 10:00:00,6,post_excepcion,naranja,0.561816251033495,2.6616830825805664,0.9257538588841759,93.0
224,2020-01-16 07:00:00,2020-01-16 09:00:00,3,pre_crisis,naranja,0.5613133106011853,0.745604581832886,0.6258315817515054,3.0
1514,2024-01-05 15:00:00,2024-01-05 16:00:00,2,post_excepcion,naranja,0.5610926051014634,3.9474714088439917,2.188295885324477,12.0
1608,2024-03-25 07:00:00,2024-03-25 10:00:00,4,post_excepcion,naranja,0.5609063815587636,5.594586029052735,2.238693574070931,174.0
1372,2023-09-20 14:00:00,2023-09-20 14:00:00,1,excepcion_iberica,naranja,0.5572462091273498,1.2114931344985962,1.2114931344985962,397.0
1038,2023-04-03 16:00:00,2023-04-03 16:00:00,1,excepcion_iberica,naranja,0.5545256268696829,0.9708086013793924,0.9708086013793924,157.0
1546,2024-02-01 05:00:00,2024-02-01 07:00:00,3,post_excepcion,naranja,0.5537504636164213,2.0760269165039062,1.78352685769399,3.0
1632,2024-04-18 07:00:00,2024-04-18 07:00:00,1,post_excepcion,naranja,0.553286532288312,5.9152201461792,5.9152201461792,64.0
376,2020-10-05 08:00:00,2020-10-05 10:00:00,3,pre_crisis,naranja,0.5530511239468329,0.5415946769714353,0.42193552970886355,4.0
182,2019-10-28 18:00:00,2019-10-28 19:00:00,2,pre_crisis,naranja,0.5527671976230014,0.6726895952224723,0.5263419342041011,3.0
314,2020-05-23 15:00:00,2020-05-23 16:00:00,2,pre_crisis,naranja,0.5518552059712126,0.867878351211548,0.562016930580139,2.0
1928,2024-12-19 01:00:00,2024-12-19 03:00:00,3,post_excepcion,naranja,0.5512367582131885,3.9503411865234384,2.665608418782554,86.0
368,2020-09-22 08:00:00,2020-09-22 08:00:00,1,pre_crisis,naranja,0.5502007229144308,0.6664391231536868,0.6664391231536868,1.0
318,2020-05-25 01:00:00,2020-05-25 07:00:00,7,pre_crisis,naranja,0.5497040208298887,0.6251972770690912,0.18204194275928387,1.0
1016,2023-03-25 11:00:00,2023-03-25 13:00:00,3,excepcion_iberica,naranja,0.5492156548381274,0.9489324688911438,0.6218914453188576,0.0
864,2022-11-07 09:00:00,2022-11-07 16:00:00,8,excepcion_iberica,naranja,0.5441161455142638,0.404413640499115,0.27651331946253777,25.0
1594,2024-03-16 19:00:00,2024-03-16 19:00:00,1,post_excepcion,naranja,0.5421036424642364,5.260896873474124,5.260896873474124,482.0
100,2019-03-15 16:00:00,2019-03-16 10:00:00,19,pre_crisis,naranja,0.540741443476057,0.3960762119293193,0.07420779462707677,8.0
1630,2024-04-17 07:00:00,2024-04-17 08:00:00,2,post_excepcion,naranja,0.5407249344003562,5.559617347717284,3.2201554811000817,41.0
986,2023-03-10 22:00:00,2023-03-11 02:00:00,5,excepcion_iberica,naranja,0.5387192621003616,0.9887614250183105,0.4184000547528271,1294.0
374,2020-10-04 03:00:00,2020-10-04 03:00:00,1,pre_crisis,naranja,0.5386590870350735,0.8044424629211431,0.8044424629211431,1.0
1268,2023-07-14 10:00:00,2023-07-14 15:00:00,6,excepcion_iberica,naranja,0.5373843482727014,0.7798593807220513,0.5746537355581923,138.0
148,2019-05-04 23:00:00,2019-05-04 23:00:00,1,pre_crisis,naranja,0.537128426951837,0.8078320622444153,0.8078320622444153,0.0
158,2019-05-12 16:00:00,2019-05-12 22:00:00,7,pre_crisis,naranja,0.5367501677062027,0.772073459625247,0.30065970711942264,3.0
390,2020-10-22 10:00:00,2020-10-22 13:00:00,4,pre_crisis,naranja,0.5362594263479906,0.8076960420608543,0.5812519025802612,5.0
50,2019-02-03 23:00:00,2019-02-04 05:00:00,7,pre_crisis,naranja,0.5354706527381906,0.8033736038208019,0.4438868045806887,7.0
1370,2023-09-10 00:00:00,2023-09-10 21:00:00,22,excepcion_iberica,naranja,0.5345103708166342,0.47694746017455714,0.19655824420338644,164.0
1504,2023-12-31 10:00:00,2023-12-31 13:00:00,4,excepcion_iberica,naranja,0.5339292721179849,1.1755220890045166,0.8027218699455263,8.0
1218,2023-06-16 15:00:00,2023-06-16 18:00:00,4,excepcion_iberica,naranja,0.5335526247711748,0.6909774541854858,0.4791008618101493,1935.0
38,2019-01-29 21:00:00,2019-01-29 23:00:00,3,pre_crisis,naranja,0.5333052848299799,0.795197000503542,0.4973534647623694,3.0
1516,2024-01-06 03:00:00,2024-01-06 14:00:00,12,post_excepcion,naranja,0.5328248883512811,2.5025475025177,1.0746184960007668,5.0
282,2020-03-29 07:00:00,2020-03-29 10:00:00,4,pre_crisis,naranja,0.5326374797587299,0.5332632303237901,0.4079219400882721,3.0
206,2019-12-16 07:00:00,2019-12-16 09:00:00,3,pre_crisis,naranja,0.532166922179519,0.8218863105773977,0.6976327546437583,3.0
838,2022-10-09 11:00:00,2022-10-09 11:00:00,1,excepcion_iberica,naranja,0.5317986247343666,0.9090414810180647,0.9090414810180647,152.0
758,2022-07-23 10:00:00,2022-07-23 10:00:00,1,excepcion_iberica,naranja,0.5317592612244789,0.9962020874023381,0.9962020874023381,1.0
1808,2024-09-09 10:00:00,2024-09-09 11:00:00,2,post_excepcion,naranja,0.5309120492841042,4.210701828002932,3.1226576805114767,379.0
168,2019-07-12 13:00:00,2019-07-12 13:00:00,1,pre_crisis,naranja,0.5303518565334048,0.6595422840118417,0.6595422840118417,3.0
1584,2024-03-05 20:00:00,2024-03-05 20:00:00,1,post_excepcion,naranja,0.5291504488460386,4.787126064300537,4.787126064300537,219.0
506,2021-03-25 19:00:00,2021-03-25 19:00:00,1,pre_crisis,naranja,0.5287058235443985,0.7613630867004417,0.7613630867004417,1.0
1390,2023-09-25 12:00:00,2023-09-25 16:00:00,5,excepcion_iberica,naranja,0.5286357545751662,0.7687010169029236,0.35226933979988073,519.0
1270,2023-07-15 11:00:00,2023-07-15 11:00:00,1,excepcion_iberica,naranja,0.5279568813101317,1.0891155242919908,1.0891155242919908,158.0
298,2020-04-15 12:00:00,2020-04-15 12:00:00,1,pre_crisis,naranja,0.5277346564513667,0.7773867416381837,0.7773867416381837,1.0
1356,2023-09-03 18:00:00,2023-09-03 18:00:00,1,excepcion_iberica,naranja,0.5266460081034522,1.0992470932006846,1.0992470932006846,26.0
372,2020-10-01 20:00:00,2020-10-01 21:00:00,2,pre_crisis,naranja,0.5265462991737657,0.7717695236206055,0.443331565707922,1.0
786,2022-08-06 08:00:00,2022-08-06 19:00:00,12,excepcion_iberica,naranja,0.5264955087245762,0.7801302719116165,0.361282118111846,10.0
98,2019-03-15 12:00:00,2019-03-15 14:00:00,3,pre_crisis,naranja,0.5257000481129236,0.6339553546905492,0.48702514648437517,4.0
410,2020-11-30 08:00:00,2020-11-30 10:00:00,3,pre_crisis,naranja,0.5242451295458811,0.7639084053039582,0.4832587909698489,4.0
1672,2024-05-12 11:00:00,2024-05-12 19:00:00,9,post_excepcion,naranja,0.5236808707581553,2.5687663698196412,1.5564052378469044,0.0
754,2022-07-17 17:00:00,2022-07-17 20:00:00,4,excepcion_iberica,naranja,0.5232697285460618,0.8176675796508874,0.3211363389343056,3.0
1036,2023-04-03 12:00:00,2023-04-03 13:00:00,2,excepcion_iberica,naranja,0.5229413939106635,1.0386156845092778,0.7137663567066195,154.0
388,2020-10-21 19:00:00,2020-10-21 20:00:00,2,pre_crisis,naranja,0.5225808571110397,0.7902298641204837,0.48787621766328826,1.0
840,2022-10-09 13:00:00,2022-10-09 15:00:00,3,excepcion_iberica,naranja,0.52210983056501,0.6361653804779053,0.42658860842387014,156.0
676,2022-02-20 11:00:00,2022-02-20 14:00:00,4,excepcion_iberica,naranja,0.5214998140558358,1.1101559066772495,0.5094065578281928,1.0
1088,2023-04-17 10:00:00,2023-04-17 20:00:00,11,excepcion_iberica,naranja,0.520893619673035,0.8401263356208801,0.322406335215676,497.0
1418,2023-10-03 16:00:00,2023-10-03 17:00:00,2,excepcion_iberica,naranja,0.5208700644973243,0.9818193054199185,0.8392805325984938,712.0
510,2021-03-30 07:00:00,2021-03-30 08:00:00,2,pre_crisis,naranja,0.5206735636351337,0.7747320175170955,0.6700183010101384,2.0
124,2019-04-17 03:00:00,2019-04-17 03:00:00,1,pre_crisis,naranja,0.5198176562631285,0.7943848133087172,0.7943848133087172,1.0
740,2022-07-07 16:00:00,2022-07-07 18:00:00,3,excepcion_iberica,naranja,0.5189006398281922,0.8708701515197674,0.49296591758727476,4.0
908,2023-01-03 09:00:00,2023-01-03 09:00:00,1,excepcion_iberica,naranja,0.5181356846664241,1.1090193176269736,1.1090193176269736,44.0
956,2023-02-10 07:00:00,2023-02-10 07:00:00,1,excepcion_iberica,naranja,0.5177840414587127,1.0707991099357628,1.0707991099357628,603.0
1858,2024-10-26 11:00:00,2024-10-26 16:00:00,6,post_excepcion,naranja,0.5144832149516286,3.2123306274414034,1.0351560596625002,1512.0
1020,2023-03-25 18:00:00,2023-03-26 00:00:00,7,excepcion_iberica,naranja,0.5139866768980149,0.9853923320770264,0.38784876252923695,7.0
1260,2023-07-08 11:00:00,2023-07-08 11:00:00,1,excepcion_iberica,naranja,0.5135772697766698,1.0691766929626425,1.0691766929626425,0.0
1760,2024-06-27 15:00:00,2024-06-27 16:00:00,2,post_excepcion,naranja,0.5129194817778955,2.1060361289978005,1.570124716758727,600.0
558,2021-06-14 19:00:00,2021-06-14 20:00:00,2,pre_crisis,naranja,0.5119150662171748,0.4612543606758095,0.27796408653259164,0.0
1384,2023-09-24 13:00:00,2023-09-24 22:00:00,10,excepcion_iberica,naranja,0.5119030040142807,0.7091227722167943,0.17440808891784557,501.0
1728,2024-06-12 16:00:00,2024-06-12 18:00:00,3,post_excepcion,naranja,0.5113317576946118,4.384356956481934,2.1712761203447983,242.0
1424,2023-10-10 07:00:00,2023-10-10 11:00:00,5,excepcion_iberica,naranja,0.5101433610593107,0.9920309638976903,0.3248628743886911,874.0
678,2022-02-21 13:00:00,2022-02-21 13:00:00,1,excepcion_iberica,naranja,0.5087594330602153,1.0818787384033328,1.0818787384033328,1.0
198,2019-12-03 19:00:00,2019-12-03 20:00:00,2,pre_crisis,naranja,0.5085441199257321,0.6983724164962837,0.45880426283925857,2.0
1484,2023-12-14 12:00:00,2023-12-14 13:00:00,2,excepcion_iberica,naranja,0.5074417204674896,1.031549801826479,0.6880182886123691,11.0
358,2020-09-16 08:00:00,2020-09-16 08:00:00,1,pre_crisis,naranja,0.5074218527268725,0.7270735263824477,0.7270735263824477,1.0
1742,2024-06-17 11:00:00,2024-06-17 13:00:00,3,post_excepcion,naranja,0.5074045708561551,4.2774517059326165,2.486839599609374,357.0
512,2021-03-31 07:00:00,2021-03-31 09:00:00,3,pre_crisis,naranja,0.5073965475789559,0.7457278823852533,0.48679559946060164,1.0
770,2022-07-26 10:00:00,2022-07-26 11:00:00,2,excepcion_iberica,naranja,0.5071846220442718,0.8563838958740178,0.5024676352739306,1.0
202,2019-12-05 20:00:00,2019-12-05 20:00:00,1,pre_crisis,naranja,0.5066885416080518,0.7646312570571894,0.7646312570571894,1.0
1234,2023-06-22 15:00:00,2023-06-22 23:00:00,9,excepcion_iberica,naranja,0.505960920487017,0.7776281356811552,0.21582054951124974,2084.0
258,2020-02-15 14:00:00,2020-02-15 17:00:00,4,pre_crisis,naranja,0.5057493643104624,0.39958362579345774,0.2916526305675502,3.0
256,2020-02-10 03:00:00,2020-02-10 03:00:00,1,pre_crisis,naranja,0.5052244522989425,0.7622170352935775,0.7622170352935775,1.0
812,2022-08-28 07:00:00,2022-08-29 17:00:00,35,excepcion_iberica,naranja,0.5029475589245339,0.6031359863281409,0.1590839047431952,12.0
764,2022-07-24 13:00:00,2022-07-24 14:00:00,2,excepcion_iberica,naranja,0.5025931604131896,0.7265719223022558,0.6830009841918994,6.0
236,2020-01-22 08:00:00,2020-01-22 09:00:00,2,pre_crisis,naranja,0.5021545529986757,0.43966856956482303,0.3796853780746474,2.0
1692,2024-05-28 11:00:00,2024-05-28 16:00:00,6,post_excepcion,naranja,0.501664597090941,4.37863265991211,1.8066337776184083,13.0
1548,2024-02-07 04:00:00,2024-02-07 05:00:00,2,post_excepcion,naranja,0.5012750197948198,4.269056890010834,3.2815081346035004,1.0
744,2022-07-14 14:00:00,2022-07-15 01:00:00,12,excepcion_iberica,naranja,0.5011797547768926,0.8958879852294785,0.2834387273155154,13.0
1340,2023-08-07 10:00:00,2023-08-07 15:00:00,6,excepcion_iberica,naranja,0.5010514600008125,0.507723846435546,0.2933196697632461,714.0
1606,2024-03-24 23:00:00,2024-03-24 23:00:00,1,post_excepcion,naranja,0.5009080940684184,4.4969424247741685,4.4969424247741685,163.0
1316,2023-08-02 11:00:00,2023-08-02 11:00:00,1,excepcion_iberica,naranja,0.500673346272204,0.953756873607631,0.953756873607631,590.0
1010,2023-03-23 10:00:00,2023-03-23 10:00:00,1,excepcion_iberica,ambar,0.499857984410366,0.9932928466796866,0.9932928466796866,93.0
1874,2024-10-31 07:00:00,2024-10-31 07:00:00,1,post_excepcion,ambar,0.49984673368520427,3.4374198341369606,3.4374198341369606,1623.0
1000,2023-03-14 19:00:00,2023-03-14 23:00:00,5,excepcion_iberica,ambar,0.49930586462960064,0.605803906917572,0.23445383012294768,1387.0
1698,2024-06-03 14:00:00,2024-06-03 18:00:00,5,post_excepcion,ambar,0.4976072867103234,3.54767921447754,2.267926111221313,26.0
234,2020-01-21 20:00:00,2020-01-21 22:00:00,3,pre_crisis,ambar,0.4974100332983243,0.7155200719833346,0.376615528861682,3.0
1872,2024-10-30 04:00:00,2024-10-30 05:00:00,2,post_excepcion,ambar,0.4972817468081229,3.2359249114990263,1.8599980384111419,1597.0
280,2020-03-26 14:00:00,2020-03-26 16:00:00,3,pre_crisis,ambar,0.49708758288066496,0.7217978763580319,0.5689435014128689,2.0
1744,2024-06-17 15:00:00,2024-06-17 15:00:00,1,post_excepcion,ambar,0.49665909042706924,3.1093811988830566,3.1093811988830566,359.0
1214,2023-06-14 11:00:00,2023-06-14 18:00:00,8,excepcion_iberica,ambar,0.4955176514641237,0.71026611328125,0.4180865329504,1887.0
1750,2024-06-21 13:00:00,2024-06-21 13:00:00,1,post_excepcion,ambar,0.4955137543844374,4.21299934387207,4.21299934387207,453.0
466,2021-01-21 04:00:00,2021-01-21 05:00:00,2,pre_crisis,ambar,0.49445656680156597,0.46977214813232315,0.31471385955810494,4.0
1100,2023-04-20 15:00:00,2023-04-20 19:00:00,5,excepcion_iberica,ambar,0.494218103999713,0.9062963867187506,0.5152955954074855,568.0
444,2021-01-11 12:00:00,2021-01-11 12:00:00,1,pre_crisis,ambar,0.4937134696852389,0.4917636513710022,0.4917636513710022,0.0
644,2022-01-05 01:00:00,2022-01-05 01:00:00,1,excepcion_iberica,ambar,0.49347128120476963,1.0302697658538733,1.0302697658538733,3.0
942,2023-02-02 08:00:00,2023-02-02 09:00:00,2,excepcion_iberica,ambar,0.4928477336823492,0.7468087005615303,0.6822009944915806,413.0
476,2021-02-12 08:00:00,2021-02-12 08:00:00,1,pre_crisis,ambar,0.4925197495172707,0.6616429710388161,0.6616429710388161,2.0
932,2023-01-30 21:00:00,2023-01-30 21:00:00,1,excepcion_iberica,ambar,0.4918049609406332,0.9164392948150635,0.9164392948150635,353.0
1402,2023-09-28 11:00:00,2023-09-28 13:00:00,3,excepcion_iberica,ambar,0.49123577108248784,0.750404205322269,0.48583745320638155,588.0
1642,2024-04-25 07:00:00,2024-04-25 12:00:00,6,post_excepcion,ambar,0.4909148395651226,4.230186462402344,1.963113580942154,9.0
1486,2023-12-15 03:00:00,2023-12-15 06:00:00,4,excepcion_iberica,ambar,0.48872577291294816,1.047695279121399,0.4166640657931566,4.0
708,2022-04-28 07:00:00,2022-04-28 09:00:00,3,excepcion_iberica,ambar,0.48554945198442656,1.0017376327514569,0.7452060008049083,2.0
142,2019-05-03 15:00:00,2019-05-03 18:00:00,4,pre_crisis,ambar,0.4849074081870354,0.5775226020813022,0.47835828185081475,4.0
422,2020-12-27 03:00:00,2020-12-27 05:00:00,3,pre_crisis,ambar,0.48470236728566757,0.5196432304382306,0.34886364459991387,3.0
892,2022-12-25 07:00:00,2022-12-25 15:00:00,9,excepcion_iberica,ambar,0.48407524460180557,0.6288973689079285,0.2332679997715685,34.0
248,2020-01-24 07:00:00,2020-01-24 07:00:00,1,pre_crisis,ambar,0.483848766270701,0.681440744400021,0.681440744400021,1.0
1052,2023-04-06 15:00:00,2023-04-06 18:00:00,4,excepcion_iberica,ambar,0.483840221265548,0.8169702148437494,0.5924962043762196,231.0
1586,2024-03-06 06:00:00,2024-03-06 09:00:00,4,post_excepcion,ambar,0.4834074974386444,4.016004562377937,2.256742864847185,232.0
1204,2023-06-11 09:00:00,2023-06-11 18:00:00,10,excepcion_iberica,ambar,0.4833559127005189,0.5548171997070312,0.29556009206175843,1815.0
970,2023-02-23 07:00:00,2023-02-23 08:00:00,2,excepcion_iberica,ambar,0.4832945129050421,0.8824317455291748,0.7392132043838586,916.0
1044,2023-04-05 15:00:00,2023-04-05 16:00:00,2,excepcion_iberica,ambar,0.48309668034315817,0.8694314765930145,0.7155362415313711,205.0
434,2021-01-09 05:00:00,2021-01-09 05:00:00,1,pre_crisis,ambar,0.48241135612167707,0.5483074188232422,0.5483074188232422,5.0
324,2020-06-07 13:00:00,2020-06-07 13:00:00,1,pre_crisis,ambar,0.4815920597479303,0.6916256475448606,0.6916256475448606,1.0
28,2019-01-27 23:00:00,2019-01-27 23:00:00,1,pre_crisis,ambar,0.4813327386574403,0.5990243911743178,0.5990243911743178,5.0
762,2022-07-24 09:00:00,2022-07-24 09:00:00,1,excepcion_iberica,ambar,0.48004368913755374,0.8458294630050602,0.8458294630050602,1.0
1902,2024-12-04 23:00:00,2024-12-04 23:00:00,1,post_excepcion,ambar,0.4799335062035296,3.6924397945404053,3.6924397945404053,235.0
668,2022-02-16 04:00:00,2022-02-16 04:00:00,1,excepcion_iberica,ambar,0.4799295023005699,1.0314285182952858,1.0314285182952858,1.0
296,2020-04-10 16:00:00,2020-04-10 16:00:00,1,pre_crisis,ambar,0.47879503585064126,0.6823001384735097,0.6823001384735097,1.0
888,2022-12-21 02:00:00,2022-12-21 06:00:00,5,excepcion_iberica,ambar,0.4787804193516637,0.4890176057815552,0.3082690268754959,532.0
1832,2024-10-01 07:00:00,2024-10-01 08:00:00,2,post_excepcion,ambar,0.47862747856873655,2.1362593173980713,1.2863779366016388,904.0
1358,2023-09-04 02:00:00,2023-09-04 04:00:00,3,excepcion_iberica,ambar,0.47797128875235256,1.0013065338134766,0.4973585456609726,3.0
724,2022-06-29 13:00:00,2022-06-29 13:00:00,1,excepcion_iberica,ambar,0.4776255951763858,0.8500664234161377,0.8500664234161377,1.0
1530,2024-01-22 04:00:00,2024-01-22 05:00:00,2,post_excepcion,ambar,0.4769160312670494,3.7686704635620103,3.215444850921628,337.0
244,2020-01-23 07:00:00,2020-01-23 07:00:00,1,pre_crisis,ambar,0.47679506427178947,0.6587721252441412,0.6587721252441412,1.0
432,2021-01-09 00:00:00,2021-01-09 02:00:00,3,pre_crisis,ambar,0.47654453503969835,0.6674642181396493,0.4210361352562894,2.0
1884,2024-11-12 15:00:00,2024-11-12 17:00:00,3,post_excepcion,ambar,0.47600167617748135,2.782642784118652,2.221748151779172,37.0
1172,2023-06-03 12:00:00,2023-06-03 17:00:00,6,excepcion_iberica,ambar,0.47598668769087954,0.5645740509033246,0.3625211461385085,1622.0
1592,2024-03-16 05:00:00,2024-03-16 08:00:00,4,post_excepcion,ambar,0.4748595333365783,3.802689981460574,2.202760658860207,471.0
998,2023-03-14 13:00:00,2023-03-14 17:00:00,5,excepcion_iberica,ambar,0.4745385117495842,0.6878077697753895,0.38588525652885297,1381.0
1580,2024-03-05 07:00:00,2024-03-05 07:00:00,1,post_excepcion,ambar,0.47436063363557157,3.72934127807617,3.72934127807617,206.0
300,2020-04-15 14:00:00,2020-04-15 16:00:00,3,pre_crisis,ambar,0.47364016641643836,0.354485759735109,0.19971913019816098,5.0
214,2019-12-21 04:00:00,2019-12-21 06:00:00,3,pre_crisis,ambar,0.4725993916194239,0.6299889278411861,0.3552472448348998,3.0
870,2022-12-09 08:00:00,2022-12-09 15:00:00,8,excepcion_iberica,ambar,0.4725435914967784,0.5278427004814148,0.3302134478534562,253.0
1762,2024-06-28 15:00:00,2024-06-28 18:00:00,4,post_excepcion,ambar,0.4725109509242524,2.71530395507812,1.5701761072874039,626.0
174,2019-09-11 15:00:00,2019-09-11 16:00:00,2,pre_crisis,ambar,0.4721492842756125,0.6455799913406395,0.5877327942848183,2.0
526,2021-04-15 08:00:00,2021-04-15 08:00:00,1,pre_crisis,ambar,0.47109898488155333,0.4491438102722185,0.4491438102722185,1.0
756,2022-07-21 17:00:00,2022-07-21 19:00:00,3,excepcion_iberica,ambar,0.4695546620039799,0.806797332763665,0.5422520494461006,3.0
1158,2023-05-17 11:00:00,2023-05-17 15:00:00,5,excepcion_iberica,ambar,0.46934061193690685,0.44213446974754333,0.2950519427657127,1212.0
348,2020-08-28 12:00:00,2020-08-28 12:00:00,1,pre_crisis,ambar,0.4682633976809256,0.636917233467102,0.636917233467102,2.0
1132,2023-05-02 07:00:00,2023-05-02 16:00:00,10,excepcion_iberica,ambar,0.46821503878040377,0.5276423645019577,0.1827093424648055,853.0
306,2020-05-03 22:00:00,2020-05-03 22:00:00,1,pre_crisis,ambar,0.4682100401727389,0.6574650096893322,0.6574650096893322,1.0
384,2020-10-15 08:00:00,2020-10-15 08:00:00,1,pre_crisis,ambar,0.46794988539553134,0.6564867401123067,0.6564867401123067,1.0
996,2023-03-14 05:00:00,2023-03-14 05:00:00,1,excepcion_iberica,ambar,0.46788100035211494,0.7100042343139652,0.7100042343139652,1369.0
212,2019-12-19 08:00:00,2019-12-19 10:00:00,3,pre_crisis,ambar,0.46781920240257896,0.45437095642089886,0.37854886054992676,4.0
1634,2024-04-19 05:00:00,2024-04-19 05:00:00,1,post_excepcion,ambar,0.4676906803330645,3.7821529293060294,3.7821529293060294,86.0
990,2023-03-13 00:00:00,2023-03-13 06:00:00,7,excepcion_iberica,ambar,0.4676177824422842,0.3850664794445038,0.21373064401093803,1346.0
500,2021-03-17 06:00:00,2021-03-17 06:00:00,1,pre_crisis,ambar,0.4675116536561761,0.6333472251892083,0.6333472251892083,2.0
1464,2023-11-16 22:00:00,2023-11-17 08:00:00,11,excepcion_iberica,ambar,0.4670420920268039,0.2625480890274048,0.1449048315090212,305.0
1848,2024-10-18 06:00:00,2024-10-18 06:00:00,1,post_excepcion,ambar,0.46674032917659286,2.2131192684173584,2.2131192684173584,1310.0
730,2022-07-03 06:00:00,2022-07-03 18:00:00,13,excepcion_iberica,ambar,0.4662623990424486,0.8663609981536808,0.2016323979084317,6.0
1186,2023-06-05 07:00:00,2023-06-05 10:00:00,4,excepcion_iberica,ambar,0.4660166051452069,0.531592845916748,0.20235373452305794,1663.0
1536,2024-01-29 08:00:00,2024-01-29 08:00:00,1,post_excepcion,ambar,0.46535258567289656,3.8692341232299867,3.8692341232299867,18.0
1618,2024-04-03 06:00:00,2024-04-03 08:00:00,3,post_excepcion,ambar,0.46418008849331577,1.9002493619918823,1.5014769061406454,87.0
1914,2024-12-06 13:00:00,2024-12-06 13:00:00,1,post_excepcion,ambar,0.463820982413261,3.365122079849243,3.365122079849243,273.0
738,2022-07-04 10:00:00,2022-07-04 10:00:00,1,excepcion_iberica,ambar,0.46282540082808543,0.6019834876060486,0.6019834876060486,0.0
926,2023-01-27 13:00:00,2023-01-27 13:00:00,1,excepcion_iberica,ambar,0.4624829775072994,0.7281742572784431,0.7281742572784431,273.0
1534,2024-01-27 08:00:00,2024-01-27 08:00:00,1,post_excepcion,ambar,0.4621830648476316,3.590321245193479,3.590321245193479,460.0
1794,2024-07-31 10:00:00,2024-07-31 10:00:00,1,post_excepcion,ambar,0.46218038021322094,3.3297842311859114,3.3297842311859114,414.0
462,2021-01-18 18:00:00,2021-01-18 19:00:00,2,pre_crisis,ambar,0.4615010070482835,0.4495663344860077,0.33341164141893387,0.0
1308,2023-07-30 17:00:00,2023-07-30 19:00:00,3,excepcion_iberica,ambar,0.4611868185148735,0.6287752985954285,0.30385230123996837,526.0
1712,2024-06-07 18:00:00,2024-06-07 18:00:00,1,post_excepcion,ambar,0.46010266585455956,1.7061456441879272,1.7061456441879272,122.0
1508,2023-12-31 18:00:00,2023-12-31 18:00:00,1,excepcion_iberica,ambar,0.45886794469956665,0.9511237144470215,0.9511237144470215,13.0
538,2021-05-15 18:00:00,2021-05-16 18:00:00,25,pre_crisis,ambar,0.45846898766982813,0.2093135267496109,0.07223217397928237,0.0
1426,2023-10-12 16:00:00,2023-10-12 16:00:00,1,excepcion_iberica,ambar,0.45801044682508246,0.787401015758519,0.787401015758519,927.0
140,2019-05-02 15:00:00,2019-05-02 19:00:00,5,pre_crisis,ambar,0.45796318208352493,0.37375269889831486,0.1655912351608265,3.0
702,2022-04-18 13:00:00,2022-04-18 13:00:00,1,excepcion_iberica,ambar,0.457826545854233,0.6349881887435913,0.6349881887435913,0.0
746,2022-07-15 05:00:00,2022-07-15 06:00:00,2,excepcion_iberica,ambar,0.4572233617787306,0.5266738533973694,0.37701515853405,0.0
1022,2023-03-26 04:00:00,2023-03-26 12:00:00,9,excepcion_iberica,ambar,0.45699310078510347,0.31359371542930603,0.15989990325437653,19.0
1430,2023-10-16 20:00:00,2023-10-16 22:00:00,3,excepcion_iberica,ambar,0.4569857655573483,0.7076199054718018,0.5416195003191623,19.0
1404,2023-09-28 16:00:00,2023-09-28 18:00:00,3,excepcion_iberica,ambar,0.4561001205568287,0.7867486476898193,0.48134009540081024,593.0
1690,2024-05-24 14:00:00,2024-05-24 15:00:00,2,post_excepcion,ambar,0.4551268818819331,3.4344072341918945,2.7248031806945825,84.0
1042,2023-04-04 13:00:00,2023-04-04 19:00:00,7,excepcion_iberica,ambar,0.45378437687137063,0.545904617309569,0.3742279882090432,184.0
826,2022-09-25 12:00:00,2022-09-25 19:00:00,8,excepcion_iberica,ambar,0.4524612741932609,0.511799392700194,0.29237125160172606,15.0
1318,2023-08-03 01:00:00,2023-08-03 01:00:00,1,excepcion_iberica,ambar,0.45215582785558506,0.8300244808197021,0.8300244808197021,604.0
1110,2023-04-21 17:00:00,2023-04-21 17:00:00,1,excepcion_iberica,ambar,0.45207565905860453,0.5712317228317261,0.5712317228317261,590.0
682,2022-03-08 19:00:00,2022-03-08 22:00:00,4,excepcion_iberica,ambar,0.45187893747747654,0.6692771911621094,0.43624883800745806,2.0
1120,2023-04-26 11:00:00,2023-04-26 12:00:00,2,excepcion_iberica,ambar,0.45137691328556573,0.6461861729621887,0.36862776800990105,705.0
1344,2023-08-07 23:00:00,2023-08-08 01:00:00,3,excepcion_iberica,ambar,0.45085098225682446,0.5872433185577393,0.35809501508871716,724.0
1752,2024-06-21 15:00:00,2024-06-21 17:00:00,3,post_excepcion,ambar,0.45077313007342645,2.923738479614258,1.837660566965738,457.0
1568,2024-02-20 07:00:00,2024-02-20 07:00:00,1,post_excepcion,ambar,0.4504274554012854,3.514796495437622,3.514796495437622,88.0
1520,2024-01-08 05:00:00,2024-01-08 06:00:00,2,post_excepcion,ambar,0.4500030836924188,1.902133584022522,1.3460652232170105,2.0
1656,2024-05-08 16:00:00,2024-05-08 18:00:00,3,post_excepcion,ambar,0.44993807550649867,2.388991231918336,1.9139207183818028,39.0
284,2020-03-29 14:00:00,2020-03-29 15:00:00,2,pre_crisis,ambar,0.44851152135404837,0.3301462459564206,0.30485974788665793,2.0
992,2023-03-13 09:00:00,2023-03-13 09:00:00,1,excepcion_iberica,ambar,0.4484518449720768,0.6831111907958984,0.6831111907958984,1349.0
1772,2024-07-08 12:00:00,2024-07-08 12:00:00,1,post_excepcion,ambar,0.4482459951772611,2.735719919204712,2.735719919204712,860.0
628,2021-12-09 07:00:00,2021-12-09 07:00:00,1,pre_crisis,ambar,0.4473320014036579,0.5911533236503601,0.5911533236503601,0.0
690,2022-03-13 19:00:00,2022-03-14 00:00:00,6,excepcion_iberica,ambar,0.44711304300322263,0.5933278203010559,0.3303652380903562,0.0
250,2020-01-24 18:00:00,2020-01-24 18:00:00,1,pre_crisis,ambar,0.44681817213349967,0.5936645412445074,0.5936645412445074,1.0
162,2019-05-19 15:00:00,2019-05-19 15:00:00,1,pre_crisis,ambar,0.4461538529902564,0.598046674728387,0.598046674728387,1.0
1598,2024-03-20 00:00:00,2024-03-20 01:00:00,2,post_excepcion,ambar,0.44555576143127495,2.8370468616485596,2.0747817158699036,45.0
522,2021-04-14 08:00:00,2021-04-14 11:00:00,4,pre_crisis,ambar,0.444702075104477,0.5841002559661916,0.3643680737912689,4.0
1924,2024-12-12 07:00:00,2024-12-12 07:00:00,1,post_excepcion,ambar,0.4440755952463104,1.676915168762207,1.676915168762207,53.0
920,2023-01-25 00:00:00,2023-01-25 00:00:00,1,excepcion_iberica,ambar,0.44406195824435823,0.8686618053913122,0.8686618053913122,212.0
686,2022-03-09 07:00:00,2022-03-09 08:00:00,2,excepcion_iberica,ambar,0.4432764971290585,0.6052974462509155,0.4473879635334015,0.0
1330,2023-08-06 10:00:00,2023-08-06 14:00:00,5,excepcion_iberica,ambar,0.4428371644725563,0.48662384033202954,0.2568792834281924,689.0
660,2022-02-10 09:00:00,2022-02-10 10:00:00,2,excepcion_iberica,ambar,0.44215029350601825,0.7559306144714242,0.5780779933929381,2.0
542,2021-05-19 09:00:00,2021-05-19 09:00:00,1,pre_crisis,ambar,0.4420167435497533,0.56781005859375,0.56781005859375,0.0
48,2019-02-03 13:00:00,2019-02-03 14:00:00,2,pre_crisis,ambar,0.4398431237838235,0.5975676345825178,0.4737663841247546,2.0
472,2021-01-29 13:00:00,2021-01-29 14:00:00,2,pre_crisis,ambar,0.43925281445260433,0.4382815742492667,0.41485235214233285,2.0
1322,2023-08-05 14:00:00,2023-08-05 19:00:00,6,excepcion_iberica,ambar,0.4387054977546792,0.41320297241210824,0.18528777837753316,670.0
130,2019-04-20 19:00:00,2019-04-20 20:00:00,2,pre_crisis,ambar,0.4384422259912273,0.2897886633872986,0.28405864596366825,8.0
1302,2023-07-29 13:00:00,2023-07-29 17:00:00,5,excepcion_iberica,ambar,0.4376568983123539,0.5249218749999969,0.3791694488525394,500.0
610,2021-11-30 01:00:00,2021-11-30 01:00:00,1,pre_crisis,ambar,0.4371031632661715,0.49016571044921875,0.49016571044921875,2.0
710,2022-05-08 11:00:00,2022-05-08 14:00:00,4,excepcion_iberica,ambar,0.4367639977957117,0.8157548904418803,0.5257875347137428,4.0
1196,2023-06-10 11:00:00,2023-06-10 11:00:00,1,excepcion_iberica,ambar,0.4357518910363113,0.6034410238266048,0.6034410238266048,1784.0
568,2021-08-07 17:00:00,2021-08-07 17:00:00,1,pre_crisis,ambar,0.4354571566468215,0.5449086427688599,0.5449086427688599,0.0
1180,2023-06-04 11:00:00,2023-06-04 16:00:00,6,excepcion_iberica,ambar,0.4354071187782015,0.4912783813476551,0.2905299377441395,1645.0
334,2020-08-07 19:00:00,2020-08-07 21:00:00,3,pre_crisis,ambar,0.43538967235772663,0.5722774696350115,0.42135392318169335,2.0
656,2022-02-07 09:00:00,2022-02-07 09:00:00,1,excepcion_iberica,ambar,0.4350746954442813,0.7322120666503906,0.7322120666503906,0.0
464,2021-01-21 01:00:00,2021-01-21 02:00:00,2,pre_crisis,ambar,0.43481402486263704,0.5769733238220205,0.3627662372589118,2.0
674,2022-02-17 15:00:00,2022-02-17 17:00:00,3,excepcion_iberica,ambar,0.4339530509709268,0.7050738525390727,0.5734194878737165,4.0
960,2023-02-11 07:00:00,2023-02-11 07:00:00,1,excepcion_iberica,ambar,0.43385264843648635,0.6236761808395386,0.6236761808395386,627.0
1094,2023-04-18 07:00:00,2023-04-18 15:00:00,9,excepcion_iberica,ambar,0.43354723722354904,0.33970674872398376,0.2373158911863966,516.0
1066,2023-04-08 10:00:00,2023-04-08 13:00:00,4,excepcion_iberica,ambar,0.43350842862375777,0.4538908898830414,0.3404506519436836,274.0
1560,2024-02-13 18:00:00,2024-02-13 19:00:00,2,post_excepcion,ambar,0.43326623371438805,2.7179713249206543,2.083354413509369,58.0
954,2023-02-08 06:00:00,2023-02-08 08:00:00,3,excepcion_iberica,ambar,0.4329126595077854,0.757580366134647,0.4639723686377219,556.0
446,2021-01-12 22:00:00,2021-01-13 01:00:00,4,pre_crisis,ambar,0.43277402430698586,0.41993364334106786,0.2928679937124272,3.0
1332,2023-08-06 16:00:00,2023-08-06 21:00:00,6,excepcion_iberica,ambar,0.43218517282403307,0.38361083984375455,0.16969700942436816,696.0
1138,2023-05-14 11:00:00,2023-05-14 17:00:00,7,excepcion_iberica,ambar,0.4321528040877241,0.32653892040252686,0.2037500547511247,1142.0
144,2019-05-04 15:00:00,2019-05-04 16:00:00,2,pre_crisis,ambar,0.43191259386448877,0.5814759826660136,0.4626075744628899,3.0
36,2019-01-29 05:00:00,2019-01-29 05:00:00,1,pre_crisis,ambar,0.4313197277013759,0.561134090423586,0.561134090423586,9.0
580,2021-09-20 15:00:00,2021-09-20 15:00:00,1,pre_crisis,ambar,0.4305925204686812,0.4441958963871002,0.4441958963871002,0.0
1834,2024-10-01 13:00:00,2024-10-01 14:00:00,2,post_excepcion,ambar,0.42949035679734,1.841302700042725,1.689986083507538,910.0
742,2022-07-14 12:00:00,2022-07-14 12:00:00,1,excepcion_iberica,ambar,0.4294747700830334,0.7042091751098667,0.7042091751098667,2.0
1126,2023-05-01 10:00:00,2023-05-01 20:00:00,11,excepcion_iberica,ambar,0.4294217206578446,0.45295562744141193,0.20433857898820726,833.0
1882,2024-11-12 00:00:00,2024-11-12 06:00:00,7,post_excepcion,ambar,0.42941378416510045,1.1463284492492676,0.5068791125501905,26.0
900,2022-12-31 16:00:00,2022-12-31 21:00:00,6,excepcion_iberica,ambar,0.4291094246106138,0.46870573997497633,0.2733813453714053,137.0
1292,2023-07-23 15:00:00,2023-07-23 16:00:00,2,excepcion_iberica,ambar,0.4281011193345734,0.4552510380744934,0.372300716638565,355.0
898,2022-12-31 14:00:00,2022-12-31 14:00:00,1,excepcion_iberica,ambar,0.4276497617286232,0.7132217094302178,0.7132217094302178,130.0
1452,2023-11-09 01:00:00,2023-11-09 03:00:00,3,excepcion_iberica,ambar,0.4275578672110497,0.5446203351020813,0.3676110655069351,108.0
32,2019-01-28 21:00:00,2019-01-28 21:00:00,1,pre_crisis,ambar,0.42755360901378753,0.5724419689178575,0.5724419689178575,1.0
1688,2024-05-24 11:00:00,2024-05-24 12:00:00,2,post_excepcion,ambar,0.4275412351484393,2.763922424316405,2.0139543437957776,81.0
152,2019-05-05 11:00:00,2019-05-05 16:00:00,6,pre_crisis,ambar,0.4269214619284257,0.5194937133789068,0.4094020811716721,6.0
1602,2024-03-20 06:00:00,2024-03-20 06:00:00,1,post_excepcion,ambar,0.4262756809177412,1.8383218050003052,1.8383218050003052,50.0
1674,2024-05-12 21:00:00,2024-05-13 00:00:00,4,post_excepcion,ambar,0.4259025240200837,1.998637080192566,1.4597429782152176,3.0
1910,2024-12-06 04:00:00,2024-12-06 06:00:00,3,post_excepcion,ambar,0.4258602547231917,2.787478446960449,1.908399047851565,266.0
1838,2024-10-03 10:00:00,2024-10-03 10:00:00,1,post_excepcion,ambar,0.425083811105283,2.1999237060546832,2.1999237060546832,954.0
1368,2023-09-09 18:00:00,2023-09-09 22:00:00,5,excepcion_iberica,ambar,0.4242379821118151,0.2611486315727234,0.20674410462379456,141.0
1506,2023-12-31 15:00:00,2023-12-31 16:00:00,2,excepcion_iberica,ambar,0.4242057086211467,0.4471724033355713,0.3984397554397585,11.0
1724,2024-06-12 09:00:00,2024-06-12 09:00:00,1,post_excepcion,ambar,0.4233069219809347,2.5967772483825655,2.5967772483825655,233.0
1096,2023-04-18 17:00:00,2023-04-18 18:00:00,2,excepcion_iberica,ambar,0.4224276799824714,0.6216035461425804,0.5306768417358398,519.0
884,2022-12-17 07:00:00,2022-12-17 07:00:00,1,excepcion_iberica,ambar,0.42181408910734525,0.6430913805961609,0.6430913805961609,437.0
106,2019-03-21 16:00:00,2019-03-21 16:00:00,1,pre_crisis,ambar,0.42152838757139555,0.4799588632583607,0.4799588632583607,2.0
1166,2023-05-21 14:00:00,2023-05-21 17:00:00,4,excepcion_iberica,ambar,0.42136191088695035,0.4884189605712912,0.42183322906494247,1310.0
1790,2024-07-25 11:00:00,2024-07-25 12:00:00,2,post_excepcion,ambar,0.42114068313525693,2.6063754546642315,1.9017249852418914,272.0
612,2021-11-30 03:00:00,2021-11-30 03:00:00,1,pre_crisis,ambar,0.421027631573877,0.48031764984128245,0.48031764984128245,1.0
774,2022-07-31 10:00:00,2022-07-31 10:00:00,1,excepcion_iberica,ambar,0.4209918216500866,0.5197974395751999,0.5197974395751999,1.0
166,2019-06-23 16:00:00,2019-06-23 17:00:00,2,pre_crisis,ambar,0.42077707484755644,0.38994989395141744,0.3378724925220027,1.0
1182,2023-06-04 18:00:00,2023-06-04 19:00:00,2,excepcion_iberica,ambar,0.42021761317556944,0.3828275799751282,0.21763593517243862,1648.0
338,2020-08-17 21:00:00,2020-08-17 22:00:00,2,pre_crisis,ambar,0.4197891096766995,0.5445756530761727,0.4841825103759767,2.0
364,2020-09-21 09:00:00,2020-09-21 09:00:00,1,pre_crisis,ambar,0.4195379456519108,0.410529842376711,0.410529842376711,2.0
1878,2024-11-01 05:00:00,2024-11-01 06:00:00,2,post_excepcion,ambar,0.41952837509477764,2.564460039138794,2.1907767057418823,2.0
574,2021-09-19 23:00:00,2021-09-19 23:00:00,1,pre_crisis,ambar,0.4194868088453497,0.32970184087753296,0.32970184087753296,0.0
1278,2023-07-16 11:00:00,2023-07-16 12:00:00,2,excepcion_iberica,ambar,0.41943054376235445,0.5333346724510193,0.42015184462070465,183.0
1614,2024-04-02 08:00:00,2024-04-02 09:00:00,2,post_excepcion,ambar,0.41924005751124716,1.9556761980056763,1.5726425957679737,64.0
400,2020-11-02 18:00:00,2020-11-02 18:00:00,1,pre_crisis,ambar,0.41813412133755057,0.552884085178377,0.552884085178377,1.0
1730,2024-06-13 10:00:00,2024-06-13 11:00:00,2,post_excepcion,ambar,0.41803257202279565,2.25901460647583,1.8745420575141907,259.0
360,2020-09-16 12:00:00,2020-09-16 12:00:00,1,pre_crisis,ambar,0.41750265776437057,0.34648520469665556,0.34648520469665556,1.0
1564,2024-02-14 19:00:00,2024-02-14 19:00:00,1,post_excepcion,ambar,0.4172596529826969,2.6329091906547575,2.6329091906547575,82.0
1216,2023-06-15 15:00:00,2023-06-15 15:00:00,1,excepcion_iberica,ambar,0.4170503212594776,0.4553459882736206,0.4553459882736206,1908.0
1764,2024-06-29 10:00:00,2024-06-29 14:00:00,5,post_excepcion,ambar,0.41682102465517873,2.2526566982269287,1.319460964202881,646.0
1286,2023-07-23 04:00:00,2023-07-23 04:00:00,1,excepcion_iberica,ambar,0.4168051919309745,0.5221304893493652,0.5221304893493652,343.0
1008,2023-03-21 00:00:00,2023-03-21 00:00:00,1,excepcion_iberica,ambar,0.41644200133487247,0.7755374908447266,0.7755374908447266,35.0
1004,2023-03-15 08:00:00,2023-03-15 08:00:00,1,excepcion_iberica,ambar,0.41643478789201016,0.5062776803970337,0.5062776803970337,1396.0
208,2019-12-17 08:00:00,2019-12-17 10:00:00,3,pre_crisis,ambar,0.4163096636356156,0.5472711372375514,0.35620394309361814,2.0
194,2019-11-27 08:00:00,2019-11-27 08:00:00,1,pre_crisis,ambar,0.4160818277840764,0.5469084453582767,0.5469084453582767,1.0
1888,2024-11-22 01:00:00,2024-11-22 14:00:00,14,post_excepcion,ambar,0.4152196055675279,1.2190202474594116,1.0065901109150477,106.0
1156,2023-05-17 06:00:00,2023-05-17 08:00:00,3,excepcion_iberica,ambar,0.41512311683566067,0.3858180344104767,0.2746787617603938,1205.0
894,2022-12-25 17:00:00,2022-12-25 17:00:00,1,excepcion_iberica,ambar,0.4150268442750764,0.34584569931030273,0.34584569931030273,36.0
1056,2023-04-07 14:00:00,2023-04-07 17:00:00,4,excepcion_iberica,ambar,0.41478340517438655,0.45959518432617585,0.24603378295898537,254.0
852,2022-10-19 15:00:00,2022-10-19 16:00:00,2,excepcion_iberica,ambar,0.41463698491942247,0.48333829641342163,0.29300660267472267,61.0
618,2021-11-30 23:00:00,2021-11-30 23:00:00,1,pre_crisis,ambar,0.4141780477350511,0.36150458455085754,0.36150458455085754,0.0
238,2020-01-22 11:00:00,2020-01-22 14:00:00,4,pre_crisis,ambar,0.4141097825509625,0.4122254037857047,0.338636775016786,7.0
1382,2023-09-24 10:00:00,2023-09-24 10:00:00,1,excepcion_iberica,ambar,0.41317243549837274,0.6162982177734371,0.6162982177734371,489.0
666,2022-02-13 20:00:00,2022-02-13 21:00:00,2,excepcion_iberica,ambar,0.41231869362243745,0.28828126192092896,0.2877972722053528,0.0
44,2019-02-02 16:00:00,2019-02-02 17:00:00,2,pre_crisis,ambar,0.412257592075764,0.54797008037567,0.49619225263595546,3.0
1830,2024-10-01 04:00:00,2024-10-01 04:00:00,1,post_excepcion,ambar,0.41153235822920875,1.2646186351776123,1.2646186351776123,900.0
30,2019-01-28 03:00:00,2019-01-28 05:00:00,3,pre_crisis,ambar,0.41136090007218157,0.33538557052612816,0.25254444281260174,11.0
1162,2023-05-21 09:00:00,2023-05-21 10:00:00,2,excepcion_iberica,ambar,0.41125154000538505,0.5001251697540283,0.4418083429336548,1303.0
646,2022-01-05 03:00:00,2022-01-05 04:00:00,2,excepcion_iberica,ambar,0.41123446043319,0.47354334592819214,0.4022056138515495,1.0
1668,2024-05-11 02:00:00,2024-05-11 03:00:00,2,post_excepcion,ambar,0.41116439308358904,2.259920835494995,1.7314260601997375,2.0
1666,2024-05-10 13:00:00,2024-05-10 15:00:00,3,post_excepcion,ambar,0.4101590312037124,2.4977331161499023,1.8941151905059819,84.0
1678,2024-05-13 13:00:00,2024-05-13 13:00:00,1,post_excepcion,ambar,0.4100291812563149,1.9948948621749878,1.9948948621749878,16.0
818,2022-09-08 04:00:00,2022-09-08 04:00:00,1,excepcion_iberica,ambar,0.4099165814166657,0.4958851933479309,0.4958851933479309,1.0
1304,2023-07-30 09:00:00,2023-07-30 12:00:00,4,excepcion_iberica,ambar,0.4098827352929016,0.44331714510917664,0.2987342545390135,519.0
276,2020-03-13 03:00:00,2020-03-13 05:00:00,3,pre_crisis,ambar,0.40960243195537976,0.4862604999542235,0.3184667559464766,4.0
1816,2024-09-11 13:00:00,2024-09-11 14:00:00,2,post_excepcion,ambar,0.4081698169497423,1.6074309349060059,1.3145831227302551,430.0
1054,2023-04-07 10:00:00,2023-04-07 12:00:00,3,excepcion_iberica,ambar,0.40794760571838057,0.5078179836273193,0.42438435554504395,249.0
1792,2024-07-30 16:00:00,2024-07-30 16:00:00,1,post_excepcion,ambar,0.40738883254017955,2.2008843421936035,2.2008843421936035,396.0
356,2020-09-03 07:00:00,2020-09-03 08:00:00,2,pre_crisis,ambar,0.40593383292324686,0.45324553728103467,0.39131234765052625,2.0
576,2021-09-20 02:00:00,2021-09-20 02:00:00,1,pre_crisis,ambar,0.4058875846896613,0.39540624618530273,0.39540624618530273,0.0
794,2022-08-07 07:00:00,2022-08-07 07:00:00,1,excepcion_iberica,ambar,0.4057873153798195,0.5007347106933651,0.5007347106933651,1.0
286,2020-03-29 17:00:00,2020-03-29 18:00:00,2,pre_crisis,ambar,0.40574947383462306,0.388242244720459,0.3706195902824394,5.0
766,2022-07-24 16:00:00,2022-07-24 17:00:00,2,excepcion_iberica,ambar,0.4057220407774416,0.5037518310546858,0.38457489013671875,9.0
516,2021-04-08 09:00:00,2021-04-08 09:00:00,1,pre_crisis,ambar,0.40565135277450076,0.521133966445916,0.521133966445916,2.0
984,2023-03-10 18:00:00,2023-03-10 18:00:00,1,excepcion_iberica,ambar,0.4056116971075432,0.584041624069215,0.584041624069215,1286.0
1866,2024-10-28 08:00:00,2024-10-28 09:00:00,2,post_excepcion,ambar,0.4051716190154958,1.765904750823978,1.4679109883308428,1553.0
578,2021-09-20 10:00:00,2021-09-20 10:00:00,1,pre_crisis,ambar,0.4043232055710316,0.365319162607193,0.365319162607193,0.0
210,2019-12-18 18:00:00,2019-12-18 19:00:00,2,pre_crisis,ambar,0.40428793925785755,0.5379611206054662,0.44420858383178796,2.0
366,2020-09-21 21:00:00,2020-09-21 21:00:00,1,pre_crisis,ambar,0.4041437226077444,0.4487553548812855,0.4487553548812855,1.0
1628,2024-04-15 07:00:00,2024-04-15 08:00:00,2,post_excepcion,ambar,0.4040856675559284,2.3125639486312863,1.8134315276145934,188.0
488,2021-02-24 23:00:00,2021-02-25 07:00:00,9,pre_crisis,ambar,0.4031457500476571,0.3585978150367737,0.11753116589453486,0.0
692,2022-03-25 07:00:00,2022-03-25 07:00:00,1,excepcion_iberica,ambar,0.4029128093788798,0.6824716186523574,0.6824716186523574,1.0
806,2022-08-16 09:00:00,2022-08-16 14:00:00,6,excepcion_iberica,ambar,0.4028356417225863,0.3312433958053589,0.16100328850249448,0.0
1338,2023-08-07 07:00:00,2023-08-07 08:00:00,2,excepcion_iberica,ambar,0.40283000130633406,0.2758740186691284,0.19105030968785286,707.0
268,2020-03-06 15:00:00,2020-03-06 16:00:00,2,pre_crisis,ambar,0.40229734833996006,0.5300794982910144,0.48332902431488023,2.0
940,2023-02-01 18:00:00,2023-02-01 19:00:00,2,excepcion_iberica,ambar,0.4019277183797346,0.5155138373374939,0.32866236567497253,399.0
552,2021-06-12 00:00:00,2021-06-12 00:00:00,1,pre_crisis,ambar,0.40114266367496415,0.5170313119888306,0.5170313119888306,0.0
1394,2023-09-27 12:00:00,2023-09-27 13:00:00,2,excepcion_iberica,ambar,0.40029806647587113,0.531190271377568,0.5059669637680031,564.0
1328,2023-08-06 06:00:00,2023-08-06 08:00:00,3,excepcion_iberica,ambar,0.4001764757113094,0.35000139474868774,0.18674666186173758,683.0
670,2022-02-17 01:00:00,2022-02-17 01:00:00,1,excepcion_iberica,ambar,0.39919707999596493,0.7113405227661218,0.7113405227661218,2.0
302,2020-04-18 02:00:00,2020-04-18 02:00:00,1,pre_crisis,ambar,0.39871826341575584,0.5208408927917496,0.5208408927917496,2.0
598,2021-11-07 13:00:00,2021-11-07 13:00:00,1,pre_crisis,ambar,0.39796821566747914,0.34413379669189226,0.34413379669189226,1.0
1906,2024-12-05 10:00:00,2024-12-05 11:00:00,2,post_excepcion,ambar,0.3976182267219034,2.182281017303467,1.720228300094604,247.0
294,2020-04-10 08:00:00,2020-04-10 08:00:00,1,pre_crisis,ambar,0.3968260885536507,0.3457193313539051,0.3457193313539051,0.0
544,2021-05-21 06:00:00,2021-05-21 07:00:00,2,pre_crisis,ambar,0.3963447459314319,0.517570371627798,0.4393529844284032,2.0
528,2021-04-20 07:00:00,2021-04-20 08:00:00,2,pre_crisis,ambar,0.39603482551214597,0.4829389572143583,0.41230215072632603,2.0
980,2023-02-27 13:00:00,2023-02-27 16:00:00,4,excepcion_iberica,ambar,0.39602234712750395,0.30305421352386475,0.22962835803627968,1020.0
1118,2023-04-25 15:00:00,2023-04-25 16:00:00,2,excepcion_iberica,ambar,0.39558753754369785,0.41136199951171903,0.30345726013183594,685.0
220,2020-01-08 08:00:00,2020-01-08 09:00:00,2,pre_crisis,ambar,0.39542612982947284,0.5104417610168426,0.3695512616634353,1.0
80,2019-02-12 16:00:00,2019-02-12 16:00:00,1,pre_crisis,ambar,0.3951721492867051,0.508810143470761,0.508810143470761,2.0
122,2019-04-08 21:00:00,2019-04-08 21:00:00,1,pre_crisis,ambar,0.39508888185795776,0.5136835479736277,0.5136835479736277,1.0
1450,2023-11-08 16:00:00,2023-11-08 17:00:00,2,excepcion_iberica,ambar,0.3947261111266268,0.7111457824707088,0.6174568355083494,98.0
192,2019-11-26 07:00:00,2019-11-26 07:00:00,1,pre_crisis,ambar,0.3946415014104519,0.4737882614135742,0.4737882614135742,1.0
782,2022-08-06 01:00:00,2022-08-06 03:00:00,3,excepcion_iberica,ambar,0.39446180315956403,0.41787750244139943,0.3877468872070248,4.0
1136,2023-05-03 15:00:00,2023-05-03 16:00:00,2,excepcion_iberica,ambar,0.394457959251882,0.5663958787918091,0.4034476578235626,877.0
1458,2023-11-13 11:00:00,2023-11-13 15:00:00,5,excepcion_iberica,ambar,0.3944198329507389,0.4410252869129181,0.23473241180181503,216.0
1112,2023-04-23 11:00:00,2023-04-23 11:00:00,1,excepcion_iberica,ambar,0.39432706693822034,0.5903688669204712,0.5903688669204712,632.0
1284,2023-07-22 13:00:00,2023-07-22 15:00:00,3,excepcion_iberica,ambar,0.3939126654737719,0.6983444690704346,0.5173888206481934,330.0
556,2021-06-14 15:00:00,2021-06-14 15:00:00,1,pre_crisis,ambar,0.39320450560330666,0.5096612739563113,0.5096612739563113,1.0
1684,2024-05-20 12:00:00,2024-05-20 12:00:00,1,post_excepcion,ambar,0.3931301640932217,2.1104921722412104,2.1104921722412104,9.0
798,2022-08-09 16:00:00,2022-08-09 16:00:00,1,excepcion_iberica,ambar,0.3929914807479483,0.5083811283111572,0.5083811283111572,1.0
1828,2024-09-30 20:00:00,2024-09-30 23:00:00,4,post_excepcion,ambar,0.3925378206264575,0.45401546359062195,0.34822121262550354,895.0
938,2023-02-01 11:00:00,2023-02-01 11:00:00,1,excepcion_iberica,ambar,0.3924023019017735,0.5494555830955505,0.5494555830955505,391.0
904,2023-01-02 08:00:00,2023-01-02 08:00:00,1,excepcion_iberica,ambar,0.3921308959812963,0.6868210220336977,0.6868210220336977,19.0
1824,2024-09-28 01:00:00,2024-09-28 01:00:00,1,post_excepcion,ambar,0.3921132271045935,1.7073147296905518,1.7073147296905518,825.0
1912,2024-12-06 11:00:00,2024-12-06 11:00:00,1,post_excepcion,ambar,0.3920962277235093,2.0931422042846606,2.0931422042846606,271.0
792,2022-08-07 04:00:00,2022-08-07 04:00:00,1,excepcion_iberica,ambar,0.39152892718233806,0.3905007541179657,0.3905007541179657,0.0
1002,2023-03-15 03:00:00,2023-03-15 03:00:00,1,excepcion_iberica,ambar,0.39050564145812483,0.4859830439090729,0.4859830439090729,1391.0
1178,2023-06-04 08:00:00,2023-06-04 09:00:00,2,excepcion_iberica,ambar,0.3904735362277452,0.41320682525634567,0.3500305759906759,1638.0
1496,2023-12-22 08:00:00,2023-12-22 08:00:00,1,excepcion_iberica,ambar,0.3904293664499531,0.2235274612903595,0.2235274612903595,0.0
1734,2024-06-13 22:00:00,2024-06-13 22:00:00,1,post_excepcion,ambar,0.3903245616595936,0.611983597278595,0.611983597278595,270.0
790,2022-08-07 01:00:00,2022-08-07 02:00:00,2,excepcion_iberica,ambar,0.38936625168093636,0.2818174743652264,0.19173730850219783,2.0
12,2019-01-13 02:00:00,2019-01-13 03:00:00,2,pre_crisis,ambar,0.3893489386207551,0.49824746608734216,0.43934086777327863,1.0
354,2020-09-01 08:00:00,2020-09-01 10:00:00,3,pre_crisis,ambar,0.3883577112239313,0.5042756986618073,0.28341640015443187,1.0
1298,2023-07-24 04:00:00,2023-07-24 12:00:00,9,excepcion_iberica,ambar,0.38832515173974563,0.5740155577659607,0.19293805418743026,375.0
1388,2023-09-25 10:00:00,2023-09-25 10:00:00,1,excepcion_iberica,ambar,0.3882131736485164,0.30018553137779236,0.30018553137779236,513.0
1076,2023-04-14 19:00:00,2023-04-14 19:00:00,1,excepcion_iberica,ambar,0.38813998743588174,0.4820786416530609,0.4820786416530609,424.0
638,2021-12-27 23:00:00,2021-12-27 23:00:00,1,pre_crisis,ambar,0.38780432286595773,0.42678337782621156,0.42678337782621156,0.0
1782,2024-07-11 18:00:00,2024-07-11 19:00:00,2,post_excepcion,ambar,0.3874629998591481,0.9460129141807556,0.7798694968223572,939.0
1550,2024-02-08 07:00:00,2024-02-08 09:00:00,3,post_excepcion,ambar,0.3872880877781251,2.0788509464263925,1.629461315472921,5.0
1578,2024-03-05 04:00:00,2024-03-05 05:00:00,2,post_excepcion,ambar,0.3872464659667859,1.633557677268982,1.535979986190796,204.0
1148,2023-05-16 02:00:00,2023-05-16 05:00:00,4,excepcion_iberica,ambar,0.38714402222793,0.37808486819267273,0.27619336638599634,1178.0
502,2021-03-23 19:00:00,2021-03-23 19:00:00,1,pre_crisis,ambar,0.3866113096456236,0.46166132926940406,0.46166132926940406,1.0
962,2023-02-12 18:00:00,2023-02-12 18:00:00,1,excepcion_iberica,ambar,0.38651926723064806,0.5578613334894271,0.5578613334894271,662.0
188,2019-11-14 19:00:00,2019-11-14 20:00:00,2,pre_crisis,ambar,0.3864830833669051,0.4982284355163529,0.43809833765029893,2.0
566,2021-07-20 20:00:00,2021-07-20 21:00:00,2,pre_crisis,ambar,0.386153207535181,0.3717387580871474,0.34742444038390374,2.0
1354,2023-08-24 07:00:00,2023-08-24 08:00:00,2,excepcion_iberica,ambar,0.38591172674919216,0.44467127323150635,0.3995015174150467,1115.0
1664,2024-05-09 17:00:00,2024-05-09 18:00:00,2,post_excepcion,ambar,0.38555011971295877,1.7610832452774048,1.6189639067649844,63.0
1528,2024-01-22 01:00:00,2024-01-22 01:00:00,1,post_excepcion,ambar,0.38542735563351715,2.014317502975466,2.014317502975466,333.0
924,2023-01-25 21:00:00,2023-01-25 23:00:00,3,excepcion_iberica,ambar,0.3852559924990069,0.42018693685531616,0.2938764939705531,235.0
1864,2024-10-27 10:00:00,2024-10-27 11:00:00,2,post_excepcion,ambar,0.38425349851828927,1.4286282062530518,1.0249766111373901,1531.0
304,2020-05-02 15:00:00,2020-05-02 15:00:00,1,pre_crisis,ambar,0.3839834526605176,0.48435925006866487,0.48435925006866487,1.0
430,2021-01-08 15:00:00,2021-01-08 15:00:00,1,pre_crisis,ambar,0.3837885979668578,0.428570955991745,0.428570955991745,0.0
1492,2023-12-21 11:00:00,2023-12-21 12:00:00,2,excepcion_iberica,ambar,0.3833108134330093,0.2520643472671509,0.2237255647778511,7.0
706,2022-04-25 20:00:00,2022-04-25 21:00:00,2,excepcion_iberica,ambar,0.38300277253933473,0.5204515838623252,0.35783517032862733,1.0
588,2021-09-26 06:00:00,2021-09-26 06:00:00,1,pre_crisis,ambar,0.3826722720564024,0.3023259937763214,0.3023259937763214,0.0
1658,2024-05-09 03:00:00,2024-05-09 03:00:00,1,post_excepcion,ambar,0.382153992844786,2.009876251220703,2.009876251220703,48.0
1904,2024-12-05 01:00:00,2024-12-05 01:00:00,1,post_excepcion,ambar,0.38136874410217647,1.448675274848938,1.448675274848938,237.0
716,2022-05-16 07:00:00,2022-05-16 07:00:00,1,excepcion_iberica,ambar,0.38119043534006664,0.6454514694213742,0.6454514694213742,1.0
654,2022-01-31 03:00:00,2022-01-31 03:00:00,1,excepcion_iberica,ambar,0.38111718139065326,0.6917617416381745,0.6917617416381745,1.0
1898,2024-12-04 13:00:00,2024-12-04 13:00:00,1,post_excepcion,ambar,0.3795050314950905,1.8944032382965048,1.8944032382965048,225.0
874,2022-12-13 17:00:00,2022-12-13 18:00:00,2,excepcion_iberica,ambar,0.3794379338517239,0.4014127850532532,0.4013589173555374,352.0
1414,2023-10-02 03:00:00,2023-10-02 05:00:00,3,excepcion_iberica,ambar,0.3793357258672655,0.4884679317474365,0.33020931482315063,676.0
1696,2024-06-03 11:00:00,2024-06-03 11:00:00,1,post_excepcion,ambar,0.37912934669607073,1.9784667587280254,1.9784667587280254,19.0
1200,2023-06-10 17:00:00,2023-06-10 18:00:00,2,excepcion_iberica,ambar,0.3787217049727954,0.44898009300231934,0.4066163921356214,1791.0
564,2021-07-20 08:00:00,2021-07-20 08:00:00,1,pre_crisis,ambar,0.3780708362016122,0.467999725341798,0.467999725341798,2.0
478,2021-02-15 08:00:00,2021-02-15 08:00:00,1,pre_crisis,ambar,0.37805771050531883,0.46946617126464574,0.46946617126464574,1.0
1890,2024-11-25 03:00:00,2024-11-25 03:00:00,1,post_excepcion,ambar,0.37780203569845705,1.8277262878417968,1.8277262878417968,0.0
1014,2023-03-24 19:00:00,2023-03-24 21:00:00,3,excepcion_iberica,ambar,0.3777957096774556,0.16403575241565704,0.10794791703422864,128.0
196,2019-12-02 08:00:00,2019-12-02 08:00:00,1,pre_crisis,ambar,0.37751715232068067,0.4732714330405017,0.4732714330405017,0.0
4,2019-01-06 05:00:00,2019-01-06 06:00:00,2,pre_crisis,ambar,0.3762167566597737,0.48294380187988395,0.333068985939029,4.0
320,2020-06-07 09:00:00,2020-06-07 09:00:00,1,pre_crisis,ambar,0.3761059934139564,0.47548692226409983,0.47548692226409983,1.0
694,2022-04-03 14:00:00,2022-04-03 14:00:00,1,excepcion_iberica,ambar,0.37605066882693083,0.6442026710510333,0.6442026710510333,2.0
966,2023-02-17 07:00:00,2023-02-17 07:00:00,1,excepcion_iberica,ambar,0.3760166097449478,0.5589454174041748,0.5589454174041748,771.0
1150,2023-05-16 11:00:00,2023-05-16 12:00:00,2,excepcion_iberica,ambar,0.3759728625504797,0.3208563029766083,0.3074665069580078,1185.0
292,2020-04-07 17:00:00,2020-04-07 17:00:00,1,pre_crisis,ambar,0.3757703186401896,0.48416305541992344,0.48416305541992344,1.0
592,2021-10-07 09:00:00,2021-10-07 09:00:00,1,pre_crisis,ambar,0.37555051342963935,0.4003565311431885,0.4003565311431885,0.0
370,2020-10-01 07:00:00,2020-10-01 07:00:00,1,pre_crisis,ambar,0.37530133130269017,0.4773647832870509,0.4773647832870509,1.0
550,2021-06-08 08:00:00,2021-06-08 09:00:00,2,pre_crisis,ambar,0.37520941079819814,0.3435262489318802,0.261693383157251,2.0
540,2021-05-17 06:00:00,2021-05-17 06:00:00,1,pre_crisis,ambar,0.37473987355912647,0.22950744509697074,0.22950744509697074,1.0
118,2019-04-07 05:00:00,2019-04-07 05:00:00,1,pre_crisis,ambar,0.3744006690304848,0.4735716390609781,0.4735716390609781,1.0
6,2019-01-09 00:00:00,2019-01-09 00:00:00,1,pre_crisis,ambar,0.3734481180297701,0.4630268478393589,0.4630268478393589,1.0
802,2022-08-13 02:00:00,2022-08-13 02:00:00,1,excepcion_iberica,ambar,0.3731774303708605,0.4596865177154541,0.4596865177154541,0.0
662,2022-02-11 00:00:00,2022-02-11 00:00:00,1,excepcion_iberica,ambar,0.37304713567823344,0.6006843447685242,0.6006843447685242,0.0
172,2019-09-07 16:00:00,2019-09-07 16:00:00,1,pre_crisis,ambar,0.37279894113317674,0.4107381820678704,0.4107381820678704,1.0
328,2020-08-02 04:00:00,2020-08-02 04:00:00,1,pre_crisis,ambar,0.3725103307734668,0.45504412919283155,0.45504412919283155,0.0
1918,2024-12-07 11:00:00,2024-12-07 11:00:00,1,post_excepcion,ambar,0.3718483527213744,1.8062686920166016,1.8062686920166016,295.0
1892,2024-11-25 05:00:00,2024-11-25 05:00:00,1,post_excepcion,ambar,0.3717342137266049,1.7733832597732544,1.7733832597732544,1.0
1360,2023-09-04 07:00:00,2023-09-04 07:00:00,1,excepcion_iberica,ambar,0.3716072177559691,0.24558818340301514,0.24558818340301514,6.0
1064,2023-04-08 07:00:00,2023-04-08 08:00:00,2,excepcion_iberica,ambar,0.37121798562809616,0.2518860101699829,0.19635649025440216,269.0
218,2019-12-22 10:00:00,2019-12-22 10:00:00,1,pre_crisis,ambar,0.3710615430039151,0.43384490013122523,0.43384490013122523,2.0
42,2019-01-30 10:00:00,2019-01-30 12:00:00,3,pre_crisis,ambar,0.3709299560542398,0.1283494532108307,0.09257890780766805,0.0
1128,2023-05-01 22:00:00,2023-05-01 23:00:00,2,excepcion_iberica,ambar,0.3706675089847469,0.18045328557491302,0.12231960892677307,836.0
548,2021-05-31 08:00:00,2021-05-31 08:00:00,1,pre_crisis,ambar,0.37061580763661983,0.44060738563537427,0.44060738563537427,1.0
1068,2023-04-12 04:00:00,2023-04-12 04:00:00,1,excepcion_iberica,ambar,0.3705798431301947,0.593795657157898,0.593795657157898,361.0
1408,2023-10-01 15:00:00,2023-10-01 15:00:00,1,excepcion_iberica,ambar,0.37009458125551425,0.31517791748046875,0.31517791748046875,662.0
808,2022-08-19 06:00:00,2022-08-19 06:00:00,1,excepcion_iberica,ambar,0.37003329283753594,0.3778822124004364,0.3778822124004364,0.0
624,2021-12-06 05:00:00,2021-12-06 05:00:00,1,pre_crisis,ambar,0.3697215655109918,0.3827971649169797,0.3827971649169797,4.0
1380,2023-09-23 14:00:00,2023-09-23 14:00:00,1,excepcion_iberica,ambar,0.36966935896652847,0.587990631461146,0.587990631461146,469.0
906,2023-01-02 13:00:00,2023-01-02 17:00:00,5,excepcion_iberica,ambar,0.3695950106904634,0.6438767910003662,0.4941804895400992,28.0
326,2020-07-31 13:00:00,2020-07-31 13:00:00,1,pre_crisis,ambar,0.36924891597364395,0.43392412185669116,0.43392412185669116,1.0
1524,2024-01-14 07:00:00,2024-01-14 08:00:00,2,post_excepcion,ambar,0.36903481219793616,1.9751102924346924,1.5578962564468384,148.0
642,2022-01-02 02:00:00,2022-01-02 02:00:00,1,excepcion_iberica,ambar,0.36881570013751996,0.6158100366592407,0.6158100366592407,0.0
1168,2023-05-22 10:00:00,2023-05-22 10:00:00,1,excepcion_iberica,ambar,0.36802795580646863,0.3647701144218445,0.3647701144218445,1327.0
382,2020-10-14 08:00:00,2020-10-14 08:00:00,1,pre_crisis,ambar,0.3674515048303891,0.46419823646544955,0.46419823646544955,1.0
22,2019-01-25 16:00:00,2019-01-25 16:00:00,1,pre_crisis,ambar,0.36740569364774905,0.27892545700073157,0.27892545700073157,3.0
1676,2024-05-13 05:00:00,2024-05-13 05:00:00,1,post_excepcion,ambar,0.3672452929795568,1.3281415700912476,1.3281415700912476,8.0
616,2021-11-30 17:00:00,2021-11-30 17:00:00,1,pre_crisis,ambar,0.36685945214402016,0.33975306153297424,0.33975306153297424,0.0
120,2019-04-08 07:00:00,2019-04-08 07:00:00,1,pre_crisis,ambar,0.3666435891826241,0.4522565412521331,0.4522565412521331,1.0
1648,2024-04-26 12:00:00,2024-04-26 12:00:00,1,post_excepcion,ambar,0.36601158646371573,0.5121942758560181,0.5121942758560181,33.0
1274,2023-07-15 16:00:00,2023-07-15 16:00:00,1,excepcion_iberica,ambar,0.36575697579687316,0.4692614746093753,0.4692614746093753,163.0
1908,2024-12-05 15:00:00,2024-12-05 15:00:00,1,post_excepcion,ambar,0.3655733780675512,1.9160849905014032,1.9160849905014032,251.0
1740,2024-06-16 12:00:00,2024-06-16 13:00:00,2,post_excepcion,ambar,0.3653847485461039,1.5221163558959958,1.4485012555122374,333.0
846,2022-10-10 12:00:00,2022-10-10 13:00:00,2,excepcion_iberica,ambar,0.365347250136948,0.4997904300689697,0.36644503474235535,178.0
1706,2024-06-06 07:00:00,2024-06-06 08:00:00,2,post_excepcion,ambar,0.36486268947913597,0.33507806062698364,0.26466161757707596,88.0
1442,2023-11-07 02:00:00,2023-11-07 03:00:00,2,excepcion_iberica,ambar,0.3646042784752782,0.37411317229270935,0.3660036474466324,60.0
1798,2024-08-21 17:00:00,2024-08-21 17:00:00,1,post_excepcion,ambar,0.3641324656513802,1.7358713150024414,1.7358713150024414,85.0
1294,2023-07-23 21:00:00,2023-07-23 23:00:00,3,excepcion_iberica,ambar,0.36405358890993467,0.22015929222106934,0.18602973719437918,362.0
1106,2023-04-21 12:00:00,2023-04-21 12:00:00,1,excepcion_iberica,ambar,0.36375321390686033,0.31795603036880493,0.31795603036880493,585.0
1686,2024-05-21 04:00:00,2024-05-21 04:00:00,1,post_excepcion,ambar,0.3632613997447655,1.8883378505706787,1.8883378505706787,1.0
330,2020-08-02 06:00:00,2020-08-02 06:00:00,1,pre_crisis,ambar,0.36266566307449727,0.2896238822059267,0.2896238822059267,0.0
1538,2024-01-29 12:00:00,2024-01-29 12:00:00,1,post_excepcion,ambar,0.36183647300095517,1.8134748935699463,1.8134748935699463,22.0
878,2022-12-15 10:00:00,2022-12-15 10:00:00,1,excepcion_iberica,ambar,0.36183288559823784,0.2967723309993744,0.2967723309993744,392.0
1502,2023-12-28 00:00:00,2023-12-28 00:00:00,1,excepcion_iberica,ambar,0.3616312009150415,0.275072306394577,0.275072306394577,32.0
94,2019-03-10 17:00:00,2019-03-10 18:00:00,2,pre_crisis,ambar,0.3611037620439436,0.30042779445648193,0.2194351220130919,4.0
1248,2023-06-27 14:00:00,2023-06-27 14:00:00,1,excepcion_iberica,ambar,0.3609504072625921,0.30219975113868713,0.30219975113868713,2195.0
1306,2023-07-30 14:00:00,2023-07-30 15:00:00,2,excepcion_iberica,ambar,0.36084454379642994,0.28067153930663835,0.24141881942749066,522.0
850,2022-10-19 13:00:00,2022-10-19 13:00:00,1,excepcion_iberica,ambar,0.3607390678352245,0.2670031487941742,0.2670031487941742,58.0
922,2023-01-25 19:00:00,2023-01-25 19:00:00,1,excepcion_iberica,ambar,0.36045592436475793,0.3519039750099182,0.3519039750099182,231.0
1466,2023-11-20 07:00:00,2023-11-20 07:00:00,1,excepcion_iberica,ambar,0.36026958734785974,0.594215431213371,0.594215431213371,376.0
1160,2023-05-17 17:00:00,2023-05-17 17:00:00,1,excepcion_iberica,ambar,0.3601890855005622,0.14483903348445892,0.14483903348445892,1214.0
482,2021-02-17 00:00:00,2021-02-17 00:00:00,1,pre_crisis,ambar,0.3598191677976826,0.18845319747924805,0.18845319747924805,0.0
1886,2024-11-21 16:00:00,2024-11-21 16:00:00,1,post_excepcion,ambar,0.35943192735023716,1.8435291051864624,1.8435291051864624,84.0
936,2023-01-31 07:00:00,2023-01-31 07:00:00,1,excepcion_iberica,ambar,0.35917341905547595,0.31243014335632324,0.31243014335632324,363.0
54,2019-02-04 21:00:00,2019-02-04 22:00:00,2,pre_crisis,ambar,0.3589117208164345,0.11975791305303574,0.09620416909456253,0.0
978,2023-02-27 10:00:00,2023-02-27 10:00:00,1,excepcion_iberica,ambar,0.3585888800349433,0.18480315804481506,0.18480315804481506,1014.0
944,2023-02-02 19:00:00,2023-02-02 19:00:00,1,excepcion_iberica,ambar,0.35844772274654,0.49437347054481506,0.49437347054481506,423.0
1030,2023-03-31 23:00:00,2023-03-31 23:00:00,1,excepcion_iberica,ambar,0.35838256474539276,0.18581104278564453,0.18581104278564453,92.0
1336,2023-08-07 02:00:00,2023-08-07 04:00:00,3,excepcion_iberica,ambar,0.3577713587456861,0.16289521753787994,0.1322431912024816,703.0
1746,2024-06-20 12:00:00,2024-06-20 12:00:00,1,post_excepcion,ambar,0.35743660227196733,1.6165161991119419,1.6165161991119419,428.0
948,2023-02-03 06:00:00,2023-02-03 06:00:00,1,excepcion_iberica,ambar,0.35741341142762967,0.5406187772750854,0.5406187772750854,434.0
768,2022-07-25 14:00:00,2022-07-25 14:00:00,1,excepcion_iberica,ambar,0.3565145397648771,0.3259366750717163,0.3259366750717163,0.0
60,2019-02-05 10:00:00,2019-02-05 11:00:00,2,pre_crisis,ambar,0.35626859545532735,0.2955715119838729,0.17843520008027625,0.0
72,2019-02-10 01:00:00,2019-02-10 01:00:00,1,pre_crisis,ambar,0.3560335372914475,0.3570950698852542,0.3570950698852542,1.0
1640,2024-04-21 17:00:00,2024-04-21 17:00:00,1,post_excepcion,ambar,0.35588012608387765,1.7845344305038453,1.7845344305038453,1.0
1144,2023-05-15 02:00:00,2023-05-15 03:00:00,2,excepcion_iberica,ambar,0.35578878099439337,0.21409465372562408,0.16280857473611832,1152.0
1400,2023-09-28 07:00:00,2023-09-28 07:00:00,1,excepcion_iberica,ambar,0.3549866984932326,0.5127760171890259,0.5127760171890259,582.0
636,2021-12-26 17:00:00,2021-12-26 17:00:00,1,pre_crisis,ambar,0.3545839741858629,0.3215752840042114,0.3215752840042114,0.0
1476,2023-12-08 11:00:00,2023-12-08 11:00:00,1,excepcion_iberica,ambar,0.35400016077168556,0.4941650629043579,0.4941650629043579,788.0
1406,2023-10-01 11:00:00,2023-10-01 11:00:00,1,excepcion_iberica,ambar,0.35353881384346175,0.4177510440349579,0.4177510440349579,658.0
1072,2023-04-13 14:00:00,2023-04-13 18:00:00,5,excepcion_iberica,ambar,0.35334294074677736,0.22880966186523466,0.18631201827526098,399.0
1310,2023-07-30 21:00:00,2023-07-30 22:00:00,2,excepcion_iberica,ambar,0.35334248730506257,0.15522611141204834,0.11993670463562012,529.0
1296,2023-07-24 01:00:00,2023-07-24 02:00:00,2,excepcion_iberica,ambar,0.3530774480756857,0.201592817902565,0.14989640936255455,365.0
1788,2024-07-14 15:00:00,2024-07-14 15:00:00,1,post_excepcion,ambar,0.3530328548110176,1.7458373308181763,1.7458373308181763,11.0
1082,2023-04-15 04:00:00,2023-04-15 04:00:00,1,excepcion_iberica,ambar,0.35272992251090357,0.3315255641937256,0.3315255641937256,433.0
1582,2024-03-05 09:00:00,2024-03-05 10:00:00,2,post_excepcion,ambar,0.35256640192160155,1.5561047792434692,1.3004842400550842,209.0
254,2020-02-05 08:00:00,2020-02-05 09:00:00,2,pre_crisis,ambar,0.3524170276785189,0.42161201000213566,0.3439596372842786,1.0
950,2023-02-04 07:00:00,2023-02-04 07:00:00,1,excepcion_iberica,ambar,0.35237069595505177,0.5627834033966224,0.5627834033966224,459.0
918,2023-01-19 07:00:00,2023-01-19 07:00:00,1,excepcion_iberica,ambar,0.35228243452099184,0.3430952727794647,0.3430952727794647,75.0
78,2019-02-11 14:00:00,2019-02-11 14:00:00,1,pre_crisis,ambar,0.35134569387623793,0.14796344935894012,0.14796344935894012,0.0
652,2022-01-10 05:00:00,2022-01-10 05:00:00,1,excepcion_iberica,ambar,0.3511221733536267,0.5375550985336304,0.5375550985336304,0.0
824,2022-09-24 13:00:00,2022-09-24 13:00:00,1,excepcion_iberica,ambar,0.35107017846370653,0.36053597927093506,0.36053597927093506,129.0
788,2022-08-06 21:00:00,2022-08-06 23:00:00,3,excepcion_iberica,ambar,0.35062767957031454,0.15145330131053925,0.12218205879131953,0.0
1572,2024-02-21 07:00:00,2024-02-21 08:00:00,2,post_excepcion,ambar,0.35049431293392275,1.847230224609369,1.5485612297058076,113.0
1212,2023-06-12 07:00:00,2023-06-12 12:00:00,6,excepcion_iberica,ambar,0.3504646112209847,0.13135023415088654,0.08307390163342158,1833.0
1806,2024-09-08 05:00:00,2024-09-08 05:00:00,1,post_excepcion,ambar,0.3502894107868346,0.8776370286941528,0.8776370286941528,349.0
876,2022-12-15 07:00:00,2022-12-15 08:00:00,2,excepcion_iberica,ambar,0.3493183515298665,0.36008728027343295,0.2880123138427706,390.0
1266,2023-07-09 14:00:00,2023-07-09 15:00:00,2,excepcion_iberica,ambar,0.34931111127067777,0.6005715131759644,0.5433955836296072,18.0
1086,2023-04-17 07:00:00,2023-04-17 07:00:00,1,excepcion_iberica,ambar,0.34920253908305665,0.31881245970726013,0.31881245970726013,484.0
862,2022-11-06 23:00:00,2022-11-07 01:00:00,3,excepcion_iberica,ambar,0.3491619346186332,0.4276265501976013,0.3447735110918681,10.0
1348,2023-08-13 16:00:00,2023-08-13 17:00:00,2,excepcion_iberica,ambar,0.3490059839113759,0.45119476318359375,0.36148785054683685,860.0
58,2019-02-05 06:00:00,2019-02-05 07:00:00,2,pre_crisis,ambar,0.3488949273297729,0.07136225700378418,0.05134947784245014,0.0
274,2020-03-09 12:00:00,2020-03-09 14:00:00,3,pre_crisis,ambar,0.348785634520755,0.059087611734867096,0.03810519600907961,0.0
1660,2024-05-09 11:00:00,2024-05-09 11:00:00,1,post_excepcion,ambar,0.3483921069240288,1.6164381313323979,1.6164381313323979,56.0
896,2022-12-27 22:00:00,2022-12-27 22:00:00,1,excepcion_iberica,ambar,0.3483556714776466,0.5467047691345215,0.5467047691345215,42.0
934,2023-01-30 23:00:00,2023-01-30 23:00:00,1,excepcion_iberica,ambar,0.3481691991686789,0.25672343373298645,0.25672343373298645,355.0
976,2023-02-27 07:00:00,2023-02-27 08:00:00,2,excepcion_iberica,ambar,0.34799821456171537,0.13840371370315552,0.09952926822006702,1012.0
1140,2023-05-14 19:00:00,2023-05-14 19:00:00,1,excepcion_iberica,ambar,0.3476536602955314,0.15074937045574188,0.15074937045574188,1144.0
880,2022-12-15 23:00:00,2022-12-15 23:00:00,1,excepcion_iberica,ambar,0.34761756023543133,0.2667103409767151,0.2667103409767151,405.0
1058,2023-04-07 19:00:00,2023-04-07 20:00:00,2,excepcion_iberica,ambar,0.3475823391728056,0.20433831214904785,0.14840082079172134,257.0
1174,2023-06-03 19:00:00,2023-06-03 19:00:00,1,excepcion_iberica,ambar,0.3474703331707603,0.25673165917396545,0.25673165917396545,1624.0
1376,2023-09-21 05:00:00,2023-09-21 05:00:00,1,excepcion_iberica,ambar,0.34733887231883204,0.28190481662750244,0.28190481662750244,412.0
1412,2023-10-02 01:00:00,2023-10-02 01:00:00,1,excepcion_iberica,ambar,0.34731575737193177,0.33743664622306824,0.33743664622306824,672.0
1392,2023-09-26 14:00:00,2023-09-26 14:00:00,1,excepcion_iberica,ambar,0.34721782413336955,0.5414364337921143,0.5414364337921143,541.0
1510,2024-01-01 05:00:00,2024-01-01 05:00:00,1,post_excepcion,ambar,0.3472009081400626,1.7337535619735718,1.7337535619735718,1.0
518,2021-04-09 07:00:00,2021-04-09 07:00:00,1,pre_crisis,ambar,0.3458667891828604,0.39457012176514183,0.39457012176514183,1.0
1078,2023-04-14 21:00:00,2023-04-14 23:00:00,3,excepcion_iberica,ambar,0.3450136446653557,0.3983144760131836,0.2750075161457062,428.0
1620,2024-04-05 07:00:00,2024-04-05 07:00:00,1,post_excepcion,ambar,0.3448935541744446,1.6782010793685913,1.6782010793685913,134.0
1244,2023-06-26 20:00:00,2023-06-26 20:00:00,1,excepcion_iberica,ambar,0.34464731669507964,0.21047808229923248,0.21047808229923248,2177.0
842,2022-10-09 17:00:00,2022-10-09 17:00:00,1,excepcion_iberica,ambar,0.3443036571152984,0.22904235124588013,0.22904235124588013,158.0
1238,2023-06-24 02:00:00,2023-06-24 04:00:00,3,excepcion_iberica,ambar,0.3441199936985538,0.14308007061481476,0.11726245035727818,2113.0
1134,2023-05-03 12:00:00,2023-05-03 13:00:00,2,excepcion_iberica,ambar,0.34337866606344103,0.3812410533428192,0.298246331512928,874.0
958,2023-02-10 10:00:00,2023-02-10 10:00:00,1,excepcion_iberica,ambar,0.3433662187515528,0.2263820767402649,0.2263820767402649,606.0
1610,2024-03-26 07:00:00,2024-03-26 07:00:00,1,post_excepcion,ambar,0.3433204690740494,1.453559398651123,1.453559398651123,195.0
672,2022-02-17 12:00:00,2022-02-17 12:00:00,1,excepcion_iberica,ambar,0.34325645847893155,0.5455953598022631,0.5455953598022631,1.0
1800,2024-08-24 10:00:00,2024-08-24 11:00:00,2,post_excepcion,ambar,0.3429298684914844,1.5454803431034088,1.3400530499219894,0.0
1468,2023-11-21 14:00:00,2023-11-21 14:00:00,1,excepcion_iberica,ambar,0.3428183928115752,0.5409711003303528,0.5409711003303528,
1048,2023-04-06 00:00:00,2023-04-06 00:00:00,1,excepcion_iberica,ambar,0.34276751695586727,0.43787798285484314,0.43787798285484314,213.0
20,2019-01-25 13:00:00,2019-01-25 14:00:00,2,pre_crisis,ambar,0.34245803642206013,0.3730065730213994,0.3222880078852093,1.0
1276,2023-07-15 18:00:00,2023-07-15 18:00:00,1,excepcion_iberica,ambar,0.3421057480234269,0.43743452429771423,0.43743452429771423,165.0
1040,2023-04-04 10:00:00,2023-04-04 11:00:00,2,excepcion_iberica,ambar,0.3415661576115703,0.29254430532455444,0.2727224677801132,176.0
760,2022-07-23 12:00:00,2022-07-23 12:00:00,1,excepcion_iberica,ambar,0.3412754330978626,0.17632120847702026,0.17632120847702026,0.0
1410,2023-10-01 17:00:00,2023-10-01 17:00:00,1,excepcion_iberica,ambar,0.3408836748131544,0.31855109333992004,0.31855109333992004,664.0
216,2019-12-21 08:00:00,2019-12-21 08:00:00,1,pre_crisis,ambar,0.3407380418649517,0.27884442329406767,0.27884442329406767,5.0
684,2022-03-09 04:00:00,2022-03-09 05:00:00,2,excepcion_iberica,ambar,0.3406730668110547,0.3709108829498291,0.28304413706064224,0.0
1108,2023-04-21 14:00:00,2023-04-21 15:00:00,2,excepcion_iberica,ambar,0.3404895540232455,0.1818314641714096,0.16265948116779327,588.0
1662,2024-05-09 14:00:00,2024-05-09 15:00:00,2,post_excepcion,ambar,0.3404374019107077,1.2590315055847174,1.1031455707550055,60.0
1280,2023-07-18 13:00:00,2023-07-18 13:00:00,1,excepcion_iberica,ambar,0.3402730093589237,0.5490489816665729,0.5490489816665729,232.0
180,2019-10-24 15:00:00,2019-10-24 17:00:00,3,pre_crisis,ambar,0.33983370995592993,0.4156607627868638,0.34273549278577065,3.0
1220,2023-06-17 00:00:00,2023-06-17 00:00:00,1,excepcion_iberica,ambar,0.3394011039786122,0.22779087722301483,0.22779087722301483,1941.0
278,2020-03-15 08:00:00,2020-03-15 08:00:00,1,pre_crisis,ambar,0.3389888046040855,0.4073544239997844,0.4073544239997844,1.0
640,2021-12-28 23:00:00,2021-12-28 23:00:00,1,pre_crisis,ambar,0.33874738853099556,0.3631190109252884,0.3631190109252884,1.0
1420,2023-10-04 10:00:00,2023-10-04 10:00:00,1,excepcion_iberica,ambar,0.33871942862860765,0.4312804341316223,0.4312804341316223,729.0
1748,2024-06-21 11:00:00,2024-06-21 11:00:00,1,post_excepcion,ambar,0.3387112791926973,1.5889763832092285,1.5889763832092285,451.0
1006,2023-03-15 12:00:00,2023-03-15 16:00:00,5,excepcion_iberica,ambar,0.33859580300045405,0.21168749034404755,0.16270995438098906,1404.0
1312,2023-08-01 12:00:00,2023-08-01 12:00:00,1,excepcion_iberica,ambar,0.33819727171836084,0.5135520839691168,0.5135520839691168,567.0
1228,2023-06-19 01:00:00,2023-06-19 01:00:00,1,excepcion_iberica,ambar,0.3379697373850012,0.2246020883321762,0.2246020883321762,1990.0
632,2021-12-23 07:00:00,2021-12-23 07:00:00,1,pre_crisis,ambar,0.33763158364418855,0.31979525089263916,0.31979525089263916,0.0
1758,2024-06-27 13:00:00,2024-06-27 13:00:00,1,post_excepcion,ambar,0.33736945650058514,0.4208599627017975,0.4208599627017975,597.0
1242,2023-06-26 18:00:00,2023-06-26 18:00:00,1,excepcion_iberica,ambar,0.33723188441818835,0.2002989500761032,0.2002989500761032,2175.0
260,2020-02-16 12:00:00,2020-02-16 13:00:00,2,pre_crisis,ambar,0.33719402883496036,0.38745988402515863,0.30405744330957596,1.0
1532,2024-01-24 07:00:00,2024-01-24 08:00:00,2,post_excepcion,ambar,0.3371439623334383,1.4636780548095771,1.3950665986537985,388.0
1062,2023-04-08 05:00:00,2023-04-08 05:00:00,1,excepcion_iberica,ambar,0.3367609261785784,0.2015194594860077,0.2015194594860077,266.0
1114,2023-04-23 14:00:00,2023-04-23 14:00:00,1,excepcion_iberica,ambar,0.3366877873654831,0.45859238505363464,0.45859238505363464,635.0
1282,2023-07-22 11:00:00,2023-07-22 11:00:00,1,excepcion_iberica,ambar,0.33656708223962345,0.5421931266784696,0.5421931266784696,326.0
504,2021-03-24 08:00:00,2021-03-24 08:00:00,1,pre_crisis,ambar,0.33640116570888223,0.32528859138487576,0.32528859138487576,1.0
776,2022-07-31 12:00:00,2022-07-31 13:00:00,2,excepcion_iberica,ambar,0.33631871641246064,0.30514549732208707,0.27979367494583585,4.0
1818,2024-09-16 17:00:00,2024-09-16 17:00:00,1,post_excepcion,ambar,0.33631398093027404,1.1972637438774107,1.1972637438774107,553.0
1680,2024-05-16 17:00:00,2024-05-16 17:00:00,1,post_excepcion,ambar,0.3359241345880522,1.6417442560195923,1.6417442560195923,92.0
650,2022-01-09 15:00:00,2022-01-09 16:00:00,2,excepcion_iberica,ambar,0.335850731701151,0.41206932067871094,0.3594864010810852,0.0
1738,2024-06-14 12:00:00,2024-06-14 12:00:00,1,post_excepcion,ambar,0.33578603185766764,1.0066087245941162,1.0066087245941162,284.0
1566,2024-02-15 08:00:00,2024-02-15 08:00:00,1,post_excepcion,ambar,0.33577800692476634,1.545956015586853,1.545956015586853,95.0
1202,2023-06-10 23:00:00,2023-06-10 23:00:00,1,excepcion_iberica,ambar,0.3356887183477972,0.2671433687210083,0.2671433687210083,1796.0
784,2022-08-06 06:00:00,2022-08-06 06:00:00,1,excepcion_iberica,ambar,0.3356226558728421,0.19506987929344177,0.19506987929344177,0.0
312,2020-05-23 07:00:00,2020-05-23 07:00:00,1,pre_crisis,ambar,0.3354658866176647,0.40168862342834544,0.40168862342834544,1.0
1480,2023-12-10 08:00:00,2023-12-10 08:00:00,1,excepcion_iberica,ambar,0.3354565762993484,0.08648931980133057,0.08648931980133057,833.0
362,2020-09-16 14:00:00,2020-09-16 14:00:00,1,pre_crisis,ambar,0.33525184858266766,0.12983783245086755,0.12983783245086755,3.0
1272,2023-07-15 13:00:00,2023-07-15 14:00:00,2,excepcion_iberica,ambar,0.3350380944088994,0.15145111083984375,0.12726932525634815,161.0
626,2021-12-08 11:00:00,2021-12-08 11:00:00,1,pre_crisis,ambar,0.3346874745729641,0.30878764390945435,0.30878764390945435,0.0
1650,2024-05-07 11:00:00,2024-05-07 12:00:00,2,post_excepcion,ambar,0.3338962208913865,1.3340073966979986,1.3328622055053714,9.0
1130,2023-05-02 01:00:00,2023-05-02 05:00:00,5,excepcion_iberica,ambar,0.33354437898606476,0.11423804610967636,0.08439493775367737,842.0
1428,2023-10-13 15:00:00,2023-10-13 16:00:00,2,excepcion_iberica,ambar,0.3325434960384794,0.30841898918151855,0.2688503563404083,951.0
530,2021-05-03 08:00:00,2021-05-03 08:00:00,1,pre_crisis,ambar,0.33252067805709706,0.3793213319778488,0.3793213319778488,1.0
1250,2023-06-29 08:00:00,2023-06-29 08:00:00,1,excepcion_iberica,ambar,0.33251766986221,0.22751885652542114,0.22751885652542114,2237.0
602,2021-11-18 07:00:00,2021-11-18 07:00:00,1,pre_crisis,ambar,0.3318064783623216,0.3801343154907215,0.3801343154907215,1.0
1124,2023-05-01 03:00:00,2023-05-01 03:00:00,1,excepcion_iberica,ambar,0.33087833933038396,0.34192436933517456,0.34192436933517456,816.0
398,2020-11-02 08:00:00,2020-11-02 09:00:00,2,pre_crisis,ambar,0.3305971080303737,0.1987786740064621,0.19114011526107788,0.0
1352,2023-08-14 11:00:00,2023-08-14 11:00:00,1,excepcion_iberica,ambar,0.3303657985330114,0.4321855306625366,0.4321855306625366,878.0
1552,2024-02-09 07:00:00,2024-02-09 07:00:00,1,post_excepcion,ambar,0.33030862845284403,1.341002106666565,1.341002106666565,27.0
1636,2024-04-19 07:00:00,2024-04-19 07:00:00,1,post_excepcion,ambar,0.3299906051987202,1.3901277780532837,1.3901277780532837,88.0
546,2021-05-26 09:00:00,2021-05-26 09:00:00,1,pre_crisis,ambar,0.32990264922058504,0.2913609445095062,0.2913609445095062,0.0
728,2022-06-30 15:00:00,2022-06-30 15:00:00,1,excepcion_iberica,ambar,0.3296974904499706,0.409329354763031,0.409329354763031,0.0
630,2021-12-20 20:00:00,2021-12-20 20:00:00,1,pre_crisis,ambar,0.3291845403368108,0.33521801233291626,0.33521801233291626,0.0
780,2022-08-02 10:00:00,2022-08-02 10:00:00,1,excepcion_iberica,ambar,0.32912139548501856,0.2956400513648987,0.2956400513648987,0.0
1288,2023-07-23 06:00:00,2023-07-23 06:00:00,1,excepcion_iberica,ambar,0.32907664227027766,0.19660627841949463,0.19660627841949463,345.0
1206,2023-06-11 20:00:00,2023-06-12 00:00:00,5,excepcion_iberica,ambar,0.32895931111696036,0.08622949570417404,0.06186042949557304,1821.0
648,2022-01-09 12:00:00,2022-01-09 12:00:00,1,excepcion_iberica,ambar,0.32870202810627436,0.36966651678085327,0.36966651678085327,0.0
1812,2024-09-10 06:00:00,2024-09-10 06:00:00,1,post_excepcion,ambar,0.32863875731372666,0.9526455402374268,0.9526455402374268,398.0
554,2021-06-14 07:00:00,2021-06-14 07:00:00,1,pre_crisis,ambar,0.32795716520767165,0.37882939815521866,0.37882939815521866,1.0
1026,2023-03-30 05:00:00,2023-03-30 06:00:00,2,excepcion_iberica,ambar,0.3278521959857667,0.3969183564186096,0.27432557940483093,
1378,2023-09-21 11:00:00,2023-09-21 15:00:00,5,excepcion_iberica,ambar,0.3278428730425703,0.18942902982234955,0.15138074904680252,422.0
226,2020-01-20 10:00:00,2020-01-20 10:00:00,1,pre_crisis,ambar,0.32777669788118285,0.3847011423111013,0.3847011423111013,2.0
680,2022-02-28 00:00:00,2022-02-28 00:00:00,1,excepcion_iberica,ambar,0.32775067415244663,0.4472242295742035,0.4472242295742035,0.0
420,2020-12-20 07:00:00,2020-12-20 07:00:00,1,pre_crisis,ambar,0.32770459543837727,0.3336978054046611,0.3336978054046611,1.0
1488,2023-12-15 10:00:00,2023-12-15 11:00:00,2,excepcion_iberica,ambar,0.3265993323219911,0.1489364504814148,0.13396380469202995,9.0
1362,2023-09-09 11:00:00,2023-09-09 11:00:00,1,excepcion_iberica,ambar,0.3264416164828327,0.5350401115417469,0.5350401115417469,130.0
418,2020-12-03 08:00:00,2020-12-03 08:00:00,1,pre_crisis,ambar,0.32595223447837784,0.37732035636901884,0.37732035636901884,2.0
438,2021-01-09 22:00:00,2021-01-09 22:00:00,1,pre_crisis,ambar,0.32570499274702736,0.31763210892677307,0.31763210892677307,0.0
1364,2023-09-09 14:00:00,2023-09-09 14:00:00,1,excepcion_iberica,ambar,0.32561687313260756,0.4620955288410187,0.4620955288410187,133.0
1720,2024-06-09 18:00:00,2024-06-09 18:00:00,1,post_excepcion,ambar,0.3255619335014668,0.2555806040763855,0.2555806040763855,170.0
494,2021-03-07 18:00:00,2021-03-07 18:00:00,1,pre_crisis,ambar,0.32516394598766296,0.3793440294265764,0.3793440294265764,1.0
1862,2024-10-27 02:00:00,2024-10-27 06:00:00,5,post_excepcion,ambar,0.3251033230333802,0.9322959184646606,0.7739039301872254,1526.0
1868,2024-10-29 00:00:00,2024-10-29 00:00:00,1,post_excepcion,ambar,0.32502900038267696,0.8405405879020691,0.8405405879020691,1568.0
332,2020-08-03 08:00:00,2020-08-03 08:00:00,1,pre_crisis,ambar,0.32502432376979884,0.37888664737343447,0.37888664737343447,0.0
1246,2023-06-27 12:00:00,2023-06-27 12:00:00,1,excepcion_iberica,ambar,0.32484044247982813,0.21029403805732727,0.21029403805732727,2193.0
586,2021-09-26 00:00:00,2021-09-26 00:00:00,1,pre_crisis,ambar,0.32447397105510273,0.35146868228912354,0.35146868228912354,0.0
1896,2024-12-04 11:00:00,2024-12-04 11:00:00,1,post_excepcion,ambar,0.32433394581297054,1.3759430694580033,1.3759430694580033,223.0
1080,2023-04-15 02:00:00,2023-04-15 02:00:00,1,excepcion_iberica,ambar,0.3242094470347106,0.2878932058811188,0.2878932058811188,431.0
340,2020-08-23 16:00:00,2020-08-23 16:00:00,1,pre_crisis,ambar,0.3240773903017179,0.38616275787353516,0.38616275787353516,1.0
1230,2023-06-22 06:00:00,2023-06-22 06:00:00,1,excepcion_iberica,ambar,0.32398779911011194,0.21083508431911469,0.21083508431911469,2067.0
416,2020-12-01 07:00:00,2020-12-01 07:00:00,1,pre_crisis,ambar,0.32363463366803047,0.15635257959365845,0.15635257959365845,0.0
1102,2023-04-21 08:00:00,2023-04-21 08:00:00,1,excepcion_iberica,ambar,0.3233943703127822,0.20609770715236664,0.20609770715236664,581.0
34,2019-01-28 23:00:00,2019-01-28 23:00:00,1,pre_crisis,ambar,0.32337225372960554,0.30686798095702983,0.30686798095702983,3.0
1334,2023-08-06 23:00:00,2023-08-06 23:00:00,1,excepcion_iberica,ambar,0.3233215036603201,0.10341894626617432,0.10341894626617432,698.0
1070,2023-04-13 11:00:00,2023-04-13 11:00:00,1,excepcion_iberica,ambar,0.32325950803773695,0.34981170654296534,0.34981170654296534,392.0
1894,2024-11-30 11:00:00,2024-11-30 11:00:00,1,post_excepcion,ambar,0.3231531270886748,1.4912433624267578,1.4912433624267578,127.0
622,2021-12-03 18:00:00,2021-12-03 18:00:00,1,pre_crisis,ambar,0.32313902382539356,0.3154977262020111,0.3154977262020111,0.0
288,2020-03-30 01:00:00,2020-03-30 01:00:00,1,pre_crisis,ambar,0.3231305341243005,0.29893356561660767,0.29893356561660767,0.0
1050,2023-04-06 10:00:00,2023-04-06 10:00:00,1,excepcion_iberica,ambar,0.32309682006002277,0.38666820526123047,0.38666820526123047,223.0
1142,2023-05-14 21:00:00,2023-05-14 21:00:00,1,excepcion_iberica,ambar,0.32293116307878356,0.1446111500263214,0.1446111500263214,1146.0
1432,2023-10-17 09:00:00,2023-10-17 11:00:00,3,excepcion_iberica,ambar,0.32291941115707173,0.3366340696811676,0.3273905913035075,32.0
246,2020-01-23 11:00:00,2020-01-23 11:00:00,1,pre_crisis,ambar,0.32246487424524334,0.2353440284729018,0.2353440284729018,5.0
116,2019-04-03 08:00:00,2019-04-03 08:00:00,1,pre_crisis,ambar,0.3223393780507517,0.3737435245513936,0.3737435245513936,1.0
1194,2023-06-06 22:00:00,2023-06-06 22:00:00,1,excepcion_iberica,ambar,0.32222657708578173,0.14837460219860077,0.14837460219860077,1699.0
1544,2024-02-01 02:00:00,2024-02-01 02:00:00,1,post_excepcion,ambar,0.32220090374605226,0.3048381805419922,0.3048381805419922,22.0
994,2023-03-13 21:00:00,2023-03-13 23:00:00,3,excepcion_iberica,ambar,0.3218942557433424,0.3096666634082794,0.2815985794862108,1363.0
734,2022-07-04 00:00:00,2022-07-04 03:00:00,4,excepcion_iberica,ambar,0.3208379876550518,0.12290969491004944,0.113165482878685,0.0
1224,2023-06-18 18:00:00,2023-06-18 18:00:00,1,excepcion_iberica,ambar,0.32034365022114075,0.17847250401973724,0.17847250401973724,1983.0
1522,2024-01-12 07:00:00,2024-01-12 07:00:00,1,post_excepcion,ambar,0.32033729867642585,1.5130998086929281,1.5130998086929281,99.0
1324,2023-08-05 21:00:00,2023-08-05 21:00:00,1,excepcion_iberica,ambar,0.32009799372460856,0.10232772678136826,0.10232772678136826,672.0
1644,2024-04-25 14:00:00,2024-04-25 14:00:00,1,post_excepcion,ambar,0.3193895343046047,0.6427000761032104,0.6427000761032104,11.0
1252,2023-06-29 18:00:00,2023-06-29 18:00:00,1,excepcion_iberica,ambar,0.3191031173533204,0.22473612427711487,0.22473612427711487,2247.0
1034,2023-04-02 20:00:00,2023-04-02 20:00:00,1,excepcion_iberica,ambar,0.31882985409861303,0.1904522031545639,0.1904522031545639,137.0
1776,2024-07-09 20:00:00,2024-07-09 22:00:00,3,post_excepcion,ambar,0.31869285846907786,0.16445183753967285,0.14904695749282837,894.0
190,2019-11-25 19:00:00,2019-11-25 19:00:00,1,pre_crisis,ambar,0.31861295295908065,0.3065060567855866,0.3065060567855866,2.0
910,2023-01-04 08:00:00,2023-01-04 08:00:00,1,excepcion_iberica,ambar,0.3185075407739664,0.4859201908111572,0.4859201908111572,67.0
1098,2023-04-20 11:00:00,2023-04-20 11:00:00,1,excepcion_iberica,ambar,0.3184290616594332,0.4660535049438437,0.4660535049438437,560.0
1366,2023-09-09 16:00:00,2023-09-09 16:00:00,1,excepcion_iberica,ambar,0.31826882584040267,0.2609567940235138,0.2609567940235138,135.0
1396,2023-09-27 15:00:00,2023-09-27 15:00:00,1,excepcion_iberica,ambar,0.31794802358318286,0.3215512084960892,0.3215512084960892,566.0
1784,2024-07-12 16:00:00,2024-07-12 16:00:00,1,post_excepcion,ambar,0.3176737409952895,1.0077945709228509,1.0077945709228509,960.0
1460,2023-11-14 06:00:00,2023-11-14 06:00:00,1,excepcion_iberica,ambar,0.3176706894290851,0.3236467242240906,0.3236467242240906,231.0
412,2020-11-30 12:00:00,2020-11-30 12:00:00,1,pre_crisis,ambar,0.3175127428786955,0.22883122205734452,0.22883122205734452,6.0
138,2019-05-02 06:00:00,2019-05-02 06:00:00,1,pre_crisis,ambar,0.3174269124452213,0.04626409336924553,0.04626409336924553,0.0
1258,2023-07-07 14:00:00,2023-07-07 15:00:00,2,excepcion_iberica,ambar,0.317343141622961,0.2031087577342987,0.18375400453805923,2436.0
1416,2023-10-02 08:00:00,2023-10-02 08:00:00,1,excepcion_iberica,ambar,0.3171969370127819,0.21512964367866516,0.21512964367866516,679.0
1802,2024-09-05 12:00:00,2024-09-05 12:00:00,1,post_excepcion,ambar,0.3169862304213576,1.2440030002593971,1.2440030002593971,284.0
1870,2024-10-29 07:00:00,2024-10-29 07:00:00,1,post_excepcion,ambar,0.3169633027661249,0.7604403495788574,0.7604403495788574,1575.0
1350,2023-08-13 22:00:00,2023-08-13 23:00:00,2,excepcion_iberica,ambar,0.31671361444614554,0.23956450819969177,0.22396721690893173,866.0
844,2022-10-09 21:00:00,2022-10-09 21:00:00,1,excepcion_iberica,ambar,0.316680728555718,0.3624689280986786,0.3624689280986786,162.0
1046,2023-04-05 20:00:00,2023-04-05 20:00:00,1,excepcion_iberica,ambar,0.3165902308967718,0.3344276249408722,0.3344276249408722,209.0
458,2021-01-17 15:00:00,2021-01-17 15:00:00,1,pre_crisis,ambar,0.31647838842128057,0.3680036735534671,0.3680036735534671,1.0
1570,2024-02-20 20:00:00,2024-02-20 20:00:00,1,post_excepcion,ambar,0.31628164856714913,1.0300562381744385,1.0300562381744385,101.0
800,2022-08-10 13:00:00,2022-08-10 13:00:00,1,excepcion_iberica,ambar,0.3162292769480063,0.22785703837871552,0.22785703837871552,0.0
712,2022-05-08 16:00:00,2022-05-08 16:00:00,1,excepcion_iberica,ambar,0.3162216576123104,0.39512649178504944,0.39512649178504944,0.0
1600,2024-03-20 03:00:00,2024-03-20 03:00:00,1,post_excepcion,ambar,0.3159220609677724,0.9510087966918945,0.9510087966918945,47.0
394,2020-10-31 15:00:00,2020-10-31 15:00:00,1,pre_crisis,ambar,0.3158330821845518,0.3680675792694075,0.3680675792694075,1.0
1540,2024-01-30 00:00:00,2024-01-30 00:00:00,1,post_excepcion,ambar,0.3153042918547132,1.3218051195144653,1.3218051195144653,34.0
1090,2023-04-17 22:00:00,2023-04-17 22:00:00,1,excepcion_iberica,ambar,0.315237172106429,0.12585806846618652,0.12585806846618652,499.0
1446,2023-11-07 17:00:00,2023-11-07 17:00:00,1,excepcion_iberica,ambar,0.3149267160411477,0.2819145619869232,0.2819145619869232,74.0
1900,2024-12-04 15:00:00,2024-12-04 15:00:00,1,post_excepcion,ambar,0.3147044117101871,1.4586910009384155,1.4586910009384155,227.0
508,2021-03-29 09:00:00,2021-03-29 09:00:00,1,pre_crisis,ambar,0.31468132156629686,0.26753295421600853,0.26753295421600853,3.0
154,2019-05-06 00:00:00,2019-05-06 00:00:00,1,pre_crisis,ambar,0.3143263245517174,0.24837490916252136,0.24837490916252136,0.0
1092,2023-04-18 00:00:00,2023-04-18 01:00:00,2,excepcion_iberica,ambar,0.3138930711824865,0.16246333718299866,0.15311753749847412,502.0
96,2019-03-14 15:00:00,2019-03-14 15:00:00,1,pre_crisis,ambar,0.3138326748669512,0.3617413568496701,0.3617413568496701,1.0
722,2022-06-27 15:00:00,2022-06-27 16:00:00,2,excepcion_iberica,ambar,0.3136837870051837,0.40976402163505554,0.3502752184867859,0.0
1104,2023-04-21 10:00:00,2023-04-21 10:00:00,1,excepcion_iberica,ambar,0.3135705233093084,0.2596834599971771,0.2596834599971771,583.0
1574,2024-02-21 19:00:00,2024-02-21 19:00:00,1,post_excepcion,ambar,0.31353310071824514,1.3348044157028198,1.3348044157028198,124.0
1190,2023-06-06 03:00:00,2023-06-06 03:00:00,1,excepcion_iberica,ambar,0.3135134970546541,0.16763202846050262,0.16763202846050262,1680.0
816,2022-09-04 17:00:00,2022-09-04 17:00:00,1,excepcion_iberica,ambar,0.31326402295164846,0.19462507963180542,0.19462507963180542,
1786,2024-07-13 05:00:00,2024-07-13 05:00:00,1,post_excepcion,ambar,0.31313959665552393,1.4150149822235107,1.4150149822235107,1.0
1232,2023-06-22 09:00:00,2023-06-22 09:00:00,1,excepcion_iberica,ambar,0.3130517635434409,0.20579029619693756,0.20579029619693756,2070.0
830,2022-09-26 22:00:00,2022-09-26 22:00:00,1,excepcion_iberica,ambar,0.31298085956883775,0.32606998085975647,0.32606998085975647,19.0
1262,2023-07-08 14:00:00,2023-07-08 14:00:00,1,excepcion_iberica,ambar,0.31297883448964825,0.30455589294433594,0.30455589294433594,0.0
1342,2023-08-07 18:00:00,2023-08-07 19:00:00,2,excepcion_iberica,ambar,0.3129497998027224,0.22458775341510773,0.20133249461650848,718.0
1624,2024-04-08 07:00:00,2024-04-08 07:00:00,1,post_excepcion,ambar,0.31287169153808686,1.3851069927215578,1.3851069927215578,19.0
1192,2023-06-06 18:00:00,2023-06-06 19:00:00,2,excepcion_iberica,ambar,0.31264305349737664,0.16392181813716888,0.1390441320836544,1696.0
1844,2024-10-17 14:00:00,2024-10-17 14:00:00,1,post_excepcion,ambar,0.3124413826598855,0.7641159892082214,0.7641159892082214,1294.0
606,2021-11-19 01:00:00,2021-11-19 01:00:00,1,pre_crisis,ambar,0.312302033178119,0.07769045233726501,0.07769045233726501,0.0
1638,2024-04-19 16:00:00,2024-04-19 16:00:00,1,post_excepcion,ambar,0.3121784201793173,1.2652231454849243,1.2652231454849243,1.0
498,2021-03-11 08:00:00,2021-03-11 08:00:00,1,pre_crisis,ambar,0.3121576018692553,0.12690097093582153,0.12690097093582153,0.0
204,2019-12-08 05:00:00,2019-12-08 05:00:00,1,pre_crisis,ambar,0.3121352822404232,0.35785330533980897,0.35785330533980897,2.0
1018,2023-03-25 16:00:00,2023-03-25 16:00:00,1,excepcion_iberica,ambar,0.3117629676861126,0.3533004379272455,0.3533004379272455,0.0
112,2019-03-25 15:00:00,2019-03-25 15:00:00,1,pre_crisis,ambar,0.31165442849949515,0.24340488433837493,0.24340488433837493,2.0
524,2021-04-15 01:00:00,2021-04-15 01:00:00,1,pre_crisis,ambar,0.31144445993634834,0.2558974623680115,0.2558974623680115,0.0
1254,2023-06-30 06:00:00,2023-06-30 06:00:00,1,excepcion_iberica,ambar,0.31137680157415437,0.20651620626449585,0.20651620626449585,2259.0
772,2022-07-27 04:00:00,2022-07-27 04:00:00,1,excepcion_iberica,ambar,0.31078807347899884,0.21830439567565918,0.21830439567565918,0.0
1916,2024-12-06 15:00:00,2024-12-06 15:00:00,1,post_excepcion,ambar,0.31053849337863265,0.9817571043968201,0.9817571043968201,275.0
1836,2024-10-01 16:00:00,2024-10-01 16:00:00,1,post_excepcion,ambar,0.3104700529645059,1.0132104325294478,1.0132104325294478,912.0
16,2019-01-13 13:00:00,2019-01-13 14:00:00,2,pre_crisis,ambar,0.31032565768596915,0.059722185134887695,0.059521809220314026,0.0
440,2021-01-10 01:00:00,2021-01-10 01:00:00,1,pre_crisis,ambar,0.31030942564209474,0.3224184989929171,0.3224184989929171,1.0
132,2019-04-20 23:00:00,2019-04-20 23:00:00,1,pre_crisis,ambar,0.31029796206005955,0.07383007556200027,0.07383007556200027,0.0
102,2019-03-16 13:00:00,2019-03-16 13:00:00,1,pre_crisis,ambar,0.3101993985684919,0.05041764676570892,0.05041764676570892,0.0
404,2020-11-16 12:00:00,2020-11-16 12:00:00,1,pre_crisis,ambar,0.3099929724177708,0.031559135764837265,0.031559135764837265,0.0
620,2021-12-01 02:00:00,2021-12-01 02:00:00,1,pre_crisis,ambar,0.30971390930572007,0.23815715312957764,0.23815715312957764,0.0
836,2022-09-30 14:00:00,2022-09-30 14:00:00,1,excepcion_iberica,ambar,0.30951376814386644,0.2779442071914673,0.2779442071914673,107.0
1482,2023-12-11 02:00:00,2023-12-11 02:00:00,1,excepcion_iberica,ambar,0.3093658559866762,0.33318427205085754,0.33318427205085754,851.0
1326,2023-08-06 04:00:00,2023-08-06 04:00:00,1,excepcion_iberica,ambar,0.30931478079631297,0.14242543280124664,0.14242543280124664,679.0
968,2023-02-18 07:00:00,2023-02-18 07:00:00,1,excepcion_iberica,ambar,0.30899677680094845,0.4020603597164154,0.4020603597164154,795.0
1060,2023-04-07 22:00:00,2023-04-07 23:00:00,2,excepcion_iberica,ambar,0.3087278959329652,0.12443770468235016,0.12290448322892189,260.0
536,2021-05-15 15:00:00,2021-05-15 16:00:00,2,pre_crisis,ambar,0.30871583769837574,0.21207547187805176,0.18098098784685135,0.0
1714,2024-06-08 00:00:00,2024-06-08 00:00:00,1,post_excepcion,ambar,0.3083839087702166,1.125218152999878,1.125218152999878,128.0
222,2020-01-09 04:00:00,2020-01-09 04:00:00,1,pre_crisis,ambar,0.3082939584855481,0.2953238633275035,0.2953238633275035,0.0
484,2021-02-20 02:00:00,2021-02-20 02:00:00,1,pre_crisis,ambar,0.30816182367946526,0.333374947309494,0.333374947309494,0.0
1198,2023-06-10 15:00:00,2023-06-10 15:00:00,1,excepcion_iberica,ambar,0.30805594242689505,0.2571557807922389,0.2571557807922389,1788.0
1184,2023-06-05 05:00:00,2023-06-05 05:00:00,1,excepcion_iberica,ambar,0.3076746177816424,0.12327322363853455,0.12327322363853455,1658.0
534,2021-05-15 13:00:00,2021-05-15 13:00:00,1,pre_crisis,ambar,0.30753308648781946,0.3155823349952698,0.3155823349952698,0.0
1778,2024-07-10 11:00:00,2024-07-10 11:00:00,1,post_excepcion,ambar,0.30751868286908074,0.908916478157046,0.908916478157046,907.0
1176,2023-06-04 01:00:00,2023-06-04 01:00:00,1,excepcion_iberica,ambar,0.307352871634686,0.1752220243215561,0.1752220243215561,1630.0
1154,2023-05-17 04:00:00,2023-05-17 04:00:00,1,excepcion_iberica,ambar,0.3073523267561689,0.21752777695655823,0.21752777695655823,1201.0
700,2022-04-18 03:00:00,2022-04-18 03:00:00,1,excepcion_iberica,ambar,0.30712116616694396,0.12062755972146988,0.12062755972146988,0.0
750,2022-07-16 03:00:00,2022-07-16 03:00:00,1,excepcion_iberica,ambar,0.30699292561292413,0.17168739438056946,0.17168739438056946,0.0
1770,2024-07-08 10:00:00,2024-07-08 10:00:00,1,post_excepcion,ambar,0.3068900054629575,0.9917751216888391,0.9917751216888391,858.0
1346,2023-08-08 13:00:00,2023-08-08 14:00:00,2,excepcion_iberica,ambar,0.30683459583688694,0.2569212019443512,0.24283906817436218,737.0
1164,2023-05-21 12:00:00,2023-05-21 12:00:00,1,excepcion_iberica,ambar,0.30670740168756205,0.1955104064941402,0.1955104064941402,1305.0
232,2020-01-21 18:00:00,2020-01-21 18:00:00,1,pre_crisis,ambar,0.3066620316873402,0.06623061001300812,0.06623061001300812,0.0
532,2021-05-12 16:00:00,2021-05-12 16:00:00,1,pre_crisis,ambar,0.30660848836788523,0.3272071075439449,0.3272071075439449,2.0
1498,2023-12-27 00:00:00,2023-12-27 00:00:00,1,excepcion_iberica,ambar,0.30648519877162944,0.4965276458859478,0.4965276458859478,8.0
1654,2024-05-08 10:00:00,2024-05-08 10:00:00,1,post_excepcion,ambar,0.3064010724267643,0.3042653501033783,0.3042653501033783,31.0
856,2022-10-30 15:00:00,2022-10-30 15:00:00,1,excepcion_iberica,ambar,0.30613546184453605,0.3374381363391876,0.3374381363391876,23.0
736,2022-07-04 07:00:00,2022-07-04 07:00:00,1,excepcion_iberica,ambar,0.3061350634730727,0.10881100594997406,0.10881100594997406,0.0
858,2022-10-31 04:00:00,2022-10-31 04:00:00,1,excepcion_iberica,ambar,0.30604337759481237,0.18621326982975006,0.18621326982975006,36.0
242,2020-01-23 00:00:00,2020-01-23 00:00:00,1,pre_crisis,ambar,0.305831743061359,0.10606164485216141,0.10606164485216141,0.0
76,2019-02-11 09:00:00,2019-02-11 09:00:00,1,pre_crisis,ambar,0.30525410854171126,0.07203429937362671,0.07203429937362671,0.0
146,2019-05-04 18:00:00,2019-05-04 18:00:00,1,pre_crisis,ambar,0.30516647454273593,0.32957639694213725,0.32957639694213725,5.0
1852,2024-10-19 21:00:00,2024-10-19 21:00:00,1,post_excepcion,ambar,0.3051374907360373,0.2678799033164978,0.2678799033164978,1349.0
1226,2023-06-18 20:00:00,2023-06-18 20:00:00,1,excepcion_iberica,ambar,0.30453416967677044,0.12284887582063675,0.12284887582063675,1985.0
352,2020-09-01 03:00:00,2020-09-01 03:00:00,1,pre_crisis,ambar,0.30453333600809085,0.03360183909535408,0.03360183909535408,0.0
974,2023-02-27 05:00:00,2023-02-27 05:00:00,1,excepcion_iberica,ambar,0.30435578867112534,0.04822493717074394,0.04822493717074394,1009.0
1708,2024-06-06 12:00:00,2024-06-06 12:00:00,1,post_excepcion,ambar,0.30426591580565165,0.5569629669189453,0.5569629669189453,92.0
1860,2024-10-26 21:00:00,2024-10-26 21:00:00,1,post_excepcion,ambar,0.30407599604344165,0.6587435603141785,0.6587435603141785,1517.0
1208,2023-06-12 02:00:00,2023-06-12 02:00:00,1,excepcion_iberica,ambar,0.30397809761317046,0.03501369059085846,0.03501369059085846,1823.0
1694,2024-05-28 23:00:00,2024-05-28 23:00:00,1,post_excepcion,ambar,0.3039088416080442,1.0040998458862305,1.0040998458862305,20.0
450,2021-01-14 04:00:00,2021-01-14 04:00:00,1,pre_crisis,ambar,0.30387480232427433,0.16069036722183228,0.16069036722183228,0.0
160,2019-05-13 01:00:00,2019-05-13 01:00:00,1,pre_crisis,ambar,0.3035254884402015,0.03455444797873497,0.03455444797873497,0.0
930,2023-01-30 19:00:00,2023-01-30 19:00:00,1,excepcion_iberica,ambar,0.30330634235581466,0.15696023404598236,0.15696023404598236,351.0
1700,2024-06-04 07:00:00,2024-06-04 07:00:00,1,post_excepcion,ambar,0.3032702707471204,0.8446059226989746,0.8446059226989746,39.0
1768,2024-07-06 12:00:00,2024-07-06 12:00:00,1,post_excepcion,ambar,0.3032519351030259,0.45855459570884705,0.45855459570884705,812.0
310,2020-05-17 17:00:00,2020-05-17 17:00:00,1,pre_crisis,ambar,0.3030667762184169,0.2703080177307129,0.2703080177307129,2.0
946,2023-02-03 04:00:00,2023-02-03 04:00:00,1,excepcion_iberica,ambar,0.3030398622560324,0.3022247552871704,0.3022247552871704,432.0
1440,2023-11-01 20:00:00,2023-11-01 20:00:00,1,excepcion_iberica,ambar,0.302977900346964,0.16481003165245056,0.16481003165245056,401.0
1876,2024-10-31 18:00:00,2024-10-31 18:00:00,1,post_excepcion,ambar,0.3027890633676653,0.5168343186378479,0.5168343186378479,1634.0
1682,2024-05-16 19:00:00,2024-05-16 19:00:00,1,post_excepcion,ambar,0.3027482170206768,1.2607474327087402,1.2607474327087402,94.0
1716,2024-06-08 15:00:00,2024-06-08 15:00:00,1,post_excepcion,ambar,0.3027480291316639,1.2332695722579956,1.2332695722579956,143.0
1726,2024-06-12 14:00:00,2024-06-12 14:00:00,1,post_excepcion,ambar,0.3026852256244953,1.2685984373092651,1.2685984373092651,238.0
1470,2023-12-01 07:00:00,2023-12-01 07:00:00,1,excepcion_iberica,ambar,0.3026642156967539,0.4088937926292431,0.4088937926292431,616.0
1922,2024-12-12 03:00:00,2024-12-12 03:00:00,1,post_excepcion,ambar,0.3026512034524979,0.47808149456977844,0.47808149456977844,49.0
614,2021-11-30 05:00:00,2021-11-30 05:00:00,1,pre_crisis,ambar,0.30264360248205263,0.1619410216808319,0.1619410216808319,0.0
428,2021-01-03 06:00:00,2021-01-03 06:00:00,1,pre_crisis,ambar,0.30255744048139677,0.3519576215743996,0.3519576215743996,3.0
732,2022-07-03 22:00:00,2022-07-03 22:00:00,1,excepcion_iberica,ambar,0.3025107818336272,0.09754008054733276,0.09754008054733276,0.0
230,2020-01-21 10:00:00,2020-01-21 10:00:00,1,pre_crisis,ambar,0.3024843848232383,0.03691602870821953,0.03691602870821953,0.0
1736,2024-06-14 02:00:00,2024-06-14 03:00:00,2,post_excepcion,ambar,0.30222990756405904,0.4514284133911133,0.44865286350250244,275.0
436,2021-01-09 07:00:00,2021-01-09 07:00:00,1,pre_crisis,ambar,0.3019717026044342,0.17934261322020717,0.17934261322020717,1.0
322,2020-06-07 11:00:00,2020-06-07 11:00:00,1,pre_crisis,ambar,0.3019678749205354,0.2271399402618428,0.2271399402618428,3.0
608,2021-11-19 21:00:00,2021-11-19 21:00:00,1,pre_crisis,ambar,0.3018935688606924,0.31862685084342957,0.31862685084342957,0.0
456,2021-01-17 01:00:00,2021-01-17 01:00:00,1,pre_crisis,ambar,0.30167779724665983,0.17058634757995605,0.17058634757995605,0.0
726,2022-06-29 18:00:00,2022-06-29 18:00:00,1,excepcion_iberica,ambar,0.3011454272349061,0.333095531463627,0.333095531463627,6.0
1622,2024-04-05 22:00:00,2024-04-05 22:00:00,1,post_excepcion,ambar,0.3010424547854089,1.1682628393173218,1.1682628393173218,149.0
1210,2023-06-12 04:00:00,2023-06-12 05:00:00,2,excepcion_iberica,ambar,0.3008016228020748,0.03438377380371094,0.03135595936328173,1826.0
1670,2024-05-11 12:00:00,2024-05-11 12:00:00,1,post_excepcion,ambar,0.300724627917082,1.1120656156539916,1.1120656156539916,11.0
1300,2023-07-29 11:00:00,2023-07-29 11:00:00,1,excepcion_iberica,ambar,0.30048884374267265,0.34350814819336506,0.34350814819336506,494.0
1386,2023-09-25 01:00:00,2023-09-25 01:00:00,1,excepcion_iberica,ambar,0.3004126223876556,0.10256192833185196,0.10256192833185196,504.0
868,2022-11-28 05:00:00,2022-11-28 05:00:00,1,excepcion_iberica,ambar,0.3003236220953602,0.36691492795944214,0.36691492795944214,1.0
170,2019-09-02 16:00:00,2019-09-02 16:00:00,1,pre_crisis,ambar,0.30029513337135394,0.3460625648498521,0.3460625648498521,2.0
